Country,Year,Arms Deliveries (USD)
Zimbabwe,2022,169431
Zambia,2022,324150
Vietnam,2022,18456677
Venezuela,2022,3506604
Vanuatu,2022,47536
Uzbekistan,2022,857155
Uruguay,2022,2595410
United Nations,2022,0
United Kingdom,2022,1017045489
United Arab Emirates,2022,546091288
Ukraine,2022,246449747
Uganda,2022,832517
Turks and Caicos Islands,2022,171919
Turks and Caicos,2022,0
Turkmenistan,2022,3491555
Turkey,2022,268489254
Tunisia,2022,45533124
Trinidad And Tobago,2022,9297781
Tonga,2022,38748
Timor-Leste,2022,21448
Thailand,2022,323141539
Tanzania,2022,217142
Tajikistan,2022,76172
Taiwan,2022,750064741
Switzerland,2022,105860699
Sweden,2022,362454390
Suriname,2022,1881894
St. Vincent and the Grenadines,2022,147602
St. Maarten,2022,0
St. Lucia,2022,236183
St. Kitts and Nevis,2022,43620
St. Helena,2022,1287729
Sri Lanka,2022,1068504
Spain,2022,357020346
South Sudan,2022,135846
South Korea,2022,1217048623
South Africa,2022,37382393
Somalia,2022,4792338
Solomon Islands,2022,49807
Slovenia,2022,62238444
Slovakia,2022,5735968
Sint Maarten,2022,200433
Singapore,2022,695895211
Seychelles,2022,44753
Serbia,2022,3029647
Senegal,2022,1936206
Saudi Arabia,2022,1389944479
Samoa,2022,97891
Rwanda,2022,831715
Russia,2022,54307489
Romania,2022,276301998
Reunion,2022,82650
Qatar,2022,532162169
Portugal,2022,79654680
Poland,2022,411052422
Philippines,2022,40930249
Peru,2022,55831368
Paraguay,2022,1042550
Papua New Guinea,2022,298928
Panama,2022,13790705
Palau,2022,52200
Pakistan,2022,148159289
Oman,2022,38776488
Norway,2022,259009127
North Macedonia,2022,0
North Atlantic Treaty Organization,2022,0
Nigeria,2022,43785291
Niger,2022,9446526
Nicaragua,2022,287968
New Zealand,2022,225121586
New Caledonia,2022,1317927
Netherlands,2022,451457101
Nepal,2022,5060255
NATO,2022,0
Namibia,2022,2318746
Multinational Force and Observers,2022,0
Mozambique,2022,1287576
Morocco,2022,87066833
Montserrat,2022,5348
Montenegro,2022,4099300
Mongolia,2022,377692
Monaco,2022,18780
Moldova,2022,979312
Micronesia,2022,4420
Mexico,2022,1027161676
Mauritius,2022,0
Mauritania,2022,542020
Martinique,2022,5002
Marshall Islands,2022,1086497
Malta,2022,727283
Mali,2022,3460653
Maldives,2022,232150
Malaysia,2022,133397489
Malawi,2022,53595
Macedonia,2022,8321003
Macau,2022,12465
Luxembourg,2022,219999181
Lithuania,2022,19158999
Liechtenstein,2022,278266
Libya,2022,977401
Liberia,2022,10500
Lebanon,2022,61885000
Latvia,2022,4665169
Kyrgyzstan,2022,5331731
Kuwait,2022,350993154
Kosovo,2022,3372954
Kenya,2022,13318320
Kazakhstan,2022,7180846
Jordan,2022,72155503
Japan,2022,1592174606
Jamaica,2022,17980144
Italy,2022,1040004467
Israel,2022,931082438
Isle Of Man,2022,0
Ireland,2022,35270676
Iraq,2022,36942341
Iran,2022,5404
Indonesia,2022,113069534
India,2022,564624478
Iceland,2022,549872
Hungary,2022,212248506
Hong Kong,2022,74013094
Honduras,2022,4245319
Haiti,2022,3367629
Guyana,2022,2099214
Guatemala,2022,15462881
Guadeloupe,2022,273155
Grenada,2022,47038
Greenland,2022,536821
Greece,2022,61077201
Ghana,2022,12545362
Germany,2022,595884798
Georgia,2022,7053753
GCC HAT,2022,0
Gabon,2022,3162656
French Polynesia,2022,220076
French Guiana,2022,0
France,2022,397861046
Finland,2022,49077641
Fiji,2022,2317934
Faroe Islands,2022,9788
European Union,2022,0
European Space Agency,2022,0
European Organization For The Safety Of Air Navigation,2022,0
European Maritime Safety Agency,2022,0
Ethiopia,2022,947175
Eswatini,2022,38073848
Estonia,2022,11828232
Equatorial Guinea,2022,120959
El Salvador,2022,23357930
Egypt,2022,193449743
Ecuador,2022,9906046
Dominican Republic,2022,46070045
Dominica,2022,90749
Djibouti,2022,6604377
Denmark,2022,88244717
Czech Republic,2022,95411376
Cyprus,2022,277322
Curacao,2022,1913870
Croatia,2022,2519826
Cote d'Ivoire,2022,3780229
Costa Rica,2022,6220670
Cook Islands,2022,4526
Congo (Kinshasa),2022,353332
Congo (Brazzaville),2022,1131742
Comoros,2022,85273
Colombia,2022,113971355
China,2022,246640042
Chile,2022,210605646
Chad,2022,437444
Cayman Islands,2022,455004
Canada,2022,1379451892
Cameroon,2022,1016690
Cambodia,2022,549434
Cabo Verde,2022,488103
Burma,2022,3766742
Burkina Faso,2022,14400
Bulgaria,2022,3602652
Brunei,2022,9198472
British Virgin Islands,2022,27762
Brazil,2022,227067441
Botswana,2022,2143375
Bosnia And Herzegovina,2022,3026462
Bolivia,2022,7212504
Bhutan,2022,4390
Bermuda,2022,733470
Benin,2022,192217
Belize,2022,998462
Belgium,2022,212616147
Barbados,2022,791866
Bangladesh,2022,19846460
Bahrain,2022,67237372
Bahamas,2022,1099603
Azerbaijan,2022,2667684
Austria,2022,24947109
Australia,2022,979788344
Aruba,2022,291373
Armenia,2022,338740
Argentina,2022,106566993
Antigua and Barbuda,2022,144213
Anguilla,2022,22495
Angola,2022,12437114
Andorra,2022,27086
Algeria,2022,270668666
Albania,2022,3367656
Zimbabwe,2021,114763
Zambia,2021,172897
Yemen,2021,1029062
Vietnam,2021,21048752
Venezuela,2021,2584436
Vanuatu,2021,4750
Uzbekistan,2021,7271536
Uruguay,2021,2545309
United Nations,2021,0
United Kingdom,2021,923554015
United Arab Emirates,2021,601573998
Ukraine,2021,42001887
Uganda,2021,18469705
Turks and Caicos Islands,2021,52963
Turkmenistan,2021,338980
Turkey,2021,459946807
Tunisia,2021,31319100
Trinidad and Tobago,2021,12166168
Tonga,2021,14600
Thailand,2021,126337535
Tanzania,2021,8716765
Tajikistan,2021,844028
Taiwan,2021,679215864
Switzerland,2021,96051523
Sweden,2021,158055774
Suriname,2021,1885234
St. Vincent and the Grenadines,2021,252769
St. Lucia,2021,114410
St. Kitts and Nevis,2021,22320
Sri Lanka,2021,557972
Spain,2021,314061485
South Sudan,2021,54404
South Korea,2021,1016046611
South Africa,2021,24330074
Somalia,2021,22492603
Solomon Islands,2021,67788
Slovenia,2021,1272263
Slovakia,2021,3488555
Sint Maarten,2021,8920
Singapore,2021,922693872
Seychelles,2021,0
Serbia,2021,4586394
Senegal,2021,545885
Saudi Arabia,2021,2024457208
San Marino,2021,11392
Samoa,2021,114014
Rwanda,2021,2405229
Russia,2021,37635403
Romania,2021,267809373
Qatar,2021,320396271
Portugal,2021,126872124
Poland,2021,218244970
Philippines,2021,51204638
Peru,2021,63784993
Paraguay,2021,600748
Papua New Guinea,2021,83073
Panama,2021,11371566
Palau,2021,194475
Pakistan,2021,175970867
ORGANISATION CONJOINTE DE COOPERATION EN MATIRE DARMAMENT/ORGANISATION FOR JOINT ARMAMENT CO-OPERATION (OCCAR),2021,0
Oman,2021,38963022
Norway,2021,208808694
North Macedonia,2021,0
Nigeria,2021,177148151
Niger,2021,25622014
Nicaragua,2021,88998
New Zealand,2021,51589861
New Caledonia,2021,702147
Netherlands,2021,608012856
Nepal,2021,579919
NATO,2021,0
Namibia,2021,686933
Multinational Force and Observers (MFO) Egypt,2021,0
Mozambique,2021,2131438
Morocco,2021,107606390
Montenegro,2021,862052
Mongolia,2021,706996
Moldova,2021,4754894
Micronesia,2021,106147
Mexico,2021,706675440
Mauritius,2021,23628
Mauritania,2021,995488
Martinique,2021,8190
Marshall Islands,2021,599272
Malta,2021,1521707
Mali,2021,1244949
Maldives,2021,1030582
Malaysia,2021,95336170
Macedonia,2021,5025793
Luxembourg,2021,87022679
Lithuania,2021,14724505
Liechtenstein,2021,136783
Libya,2021,1332015
Liberia,2021,0
Lebanon,2021,35880284
Latvia,2021,12944643
Laos,2021,6099
Kyrgyzstan,2021,2097718
Kuwait,2021,263415989
Kosovo,2021,10357798
Kenya,2021,25987342
Kazakhstan,2021,4116359
Jordan,2021,77650129
Japan,2021,2129339172
Jamaica,2021,28223134
Italy,2021,808668464
Israel,2021,856708400
Ireland,2021,44762476
Iraq,2021,33825618
Indonesia,2021,123051807
India,2021,594242494
Iceland,2021,456636
Hungary,2021,78939093
Hong Kong,2021,42811525
Honduras,2021,6108627
Haiti,2021,1143889
Guyana,2021,3385498
Guinea,2021,48538
Guatemala,2021,10027864
Guadeloupe,2021,3500
Grenada,2021,7089
Greenland,2021,466286
Greece,2021,37766909
Gibraltar,2021,2060694
Ghana,2021,10415387
Germany,2021,463508272
Georgia,2021,19083839
Gabon,2021,911512
French Polynesia,2021,372075
French Guiana,2021,358559
France,2021,346646244
Finland,2021,52489679
Fiji,2021,29298
Faroe Islands,2021,24993
Falkland Islands,2021,0
European Space Agency,2021,0
European Aviation Safety Agency,2021,0
Ethiopia,2021,519678
Eswatini,2021,42162
Estonia,2021,25694355
Eritrea,2021,31635
Equatorial Guinea,2021,128054
El Salvador,2021,26320754
Egypt,2021,175143163
Ecuador,2021,2425195
Dominican Republic,2021,5084979
Dominica,2021,102560
Djibouti,2021,8122005
Denmark,2021,75698873
Czech Republic,2021,71276922
Cyprus,2021,181370
Curacao,2021,711336
Croatia,2021,931635
Cote d'Ivoire,2021,925103
Costa Rica,2021,11295109
Cook Islands,2021,29601
Congo (Kinshasa),2021,196877
Congo (Brazzaville),2021,1667066
Colombia,2021,128085044
China,2021,175478054
Chile,2021,48111281
Chad,2021,1914495
Central African Republic,2021,60210
Cayman Islands,2021,546047
Canada,2021,980782293
Cameroon,2021,3493360
Cambodia,2021,33507
Burma,2021,2558494
Burkina Faso,2021,8900263
Bulgaria,2021,1905218
Brunei,2021,12616248
British Virgin Islands,2021,10690
Brazil,2021,278336707
Botswana,2021,329017
Bosnia and Herzegovina,2021,31076331
Bolivia,2021,14012828
Bhutan,2021,5435
Bermuda,2021,77882
Benin,2021,23637
Belize,2021,586047
Belgium,2021,118027552
Belarus,2021,48092
Barbados,2021,299013
Bangladesh,2021,26846570
Bahrain,2021,124281231
Bahamas,2021,967234
Azerbaijan,2021,1215938
Austria,2021,24818540
Australia,2021,882187956
Aruba,2021,236277
Armenia,2021,361111
Argentina,2021,83358099
Antigua and Barbuda,2021,145896
Angola,2021,19477262
Andorra,2021,7251
Algeria,2021,16623586
Albania,2021,6206972
African Union Mission in Somalia,2021,0
Afghanistan,2021,122434552
Zimbabwe,2020,81980
Zambia,2020,105843
Vietnam,2020,23161414
Venezuela,2020,1127684
Uzbekistan,2020,481578
Uruguay,2020,3061890
United Nations,2020,0
United Kingdom,2020,797872788
United Arab Emirates,2020,724451137
Ukraine,2020,31985349
Uganda,2020,5042077
Tuvalu,2020,3999
Turks and Caicos Islands,2020,163973
Turks and Caicos,2020,0
Turkmenistan,2020,2403908
Turkey,2020,488044219
Tunisia,2020,47482589
Trinidad and Tobago,2020,7185083
Tonga,2020,4749
Togo,2020,9700788
Timor-Leste,2020,11763
The Gambia,2020,0
Thailand,2020,233349390
Tanzania,2020,7862639
Tajikistan,2020,374783
Taiwan,2020,778757550
Switzerland,2020,63082715
Sweden,2020,108070393
Swaziland,2020,0
Svalbard and Jan Mayen,2020,13966
Suriname,2020,1733447
St. Vincent and the Grenadines,2020,54487
St. Lucia,2020,29885
St. Kitts and Nevis,2020,19819
St. Helena,2020,76974
Sri Lanka,2020,332780
Spain,2020,245351916
South Sudan,2020,236232
South Korea,2020,923696008
South Africa,2020,18527630
Somalia,2020,1355352
Slovenia,2020,51240825
Slovakia,2020,4346259
Sint Maarten,2020,40246
Singapore,2020,344028261
Sierra Leone,2020,0
Seychelles,2020,16751
Serbia,2020,3056192
Senegal,2020,591142
Saudi Arabia,2020,2117231719
Rwanda,2020,130396
Russia,2020,29031128
Romania,2020,130982488
Reunion,2020,5086
Republic of the Congo,2020,0
Qatar,2020,802594303
Portugal,2020,153824370
Poland,2020,272878068
Philippines,2020,50081443
Peru,2020,17604184
Paraguay,2020,248942
Papua New Guinea,2020,4570301
Panama,2020,7022152
Palau,2020,2428148
Pakistan,2020,124742694
Oman,2020,71443628
Norway,2020,177074674
Nigeria,2020,5122838
Niger,2020,70383069
Nicaragua,2020,101348
New Zealand,2020,50731410
New Caledonia,2020,472064
Netherlands,2020,357999506
Nepal,2020,427681
NATO,2020,0
Namibia,2020,815809
Multinational Force and Observers (MFO) Egypt,2020,0
Mozambique,2020,122392
Morocco,2020,81808575
Montenegro,2020,8961779
Mongolia,2020,389253
Moldova,2020,6738
Micronesia,2020,2290733
Mexico,2020,640789195
Mauritius,2020,8945
Mauritania,2020,159721
Martinique,2020,3474
Marshall Islands,2020,504949
Malta,2020,741945
Mali,2020,1425366
Maldives,2020,6987
Malaysia,2020,95881825
Malawi,2020,0
Madagascar,2020,23066
Macedonia,2020,2610810
Macau,2020,7320
Luxembourg,2020,40588737
Lithuania,2020,32113398
Liechtenstein,2020,31390
Libya,2020,1037626
Liberia,2020,676099
Lebanon,2020,33072988
Latvia,2020,3134275
Kyrgyzstan,2020,1016252
Kuwait,2020,105575784
Kosovo,2020,11214072
Kenya,2020,11375266
Kazakhstan,2020,18060694
Jordan,2020,125523021
Japan,2020,1879219167
Jamaica,2020,6752079
Italy,2020,999637142
Israel,2020,789826959
Ireland,2020,16413267
Iraq,2020,64421881
International Waters,2020,0
Indonesia,2020,106800826
India,2020,670531788
Iceland,2020,301037
Hungary,2020,16053860
Hong Kong,2020,27500486
Honduras,2020,1125114
Haiti,2020,1251208
Guyana,2020,801569
Guinea-Bissau,2020,0
Guinea,2020,104500
Guatemala,2020,6475634
Guadeloupe,2020,0
Grenada,2020,13752
Greenland,2020,682664
Greece,2020,37864810
Global,2020,0
Ghana,2020,20723249
Germany,2020,484978833
Georgia,2020,9827775
Gabon,2020,2651654
French Polynesia,2020,2451386
French Guiana,2020,8445219
France,2020,485511362
Finland,2020,81043685
Fiji,2020,5648
Faroe Islands,2020,2820
Falkland Islands,2020,0
European Space Agency,2020,0
Ethiopia,2020,520620
Eswatini,2020,31992
Estonia,2020,29488350
Equatorial Guinea,2020,117521
El Salvador,2020,10242072
Egypt,2020,369474378
Ecuador,2020,3170088
Dominican Republic,2020,1420216
Dominica,2020,13244
Djibouti,2020,9973583
Denmark,2020,29234404
Czech Republic,2020,32015500
Cyprus,2020,95083
Curacao,2020,194225
Croatia,2020,4613377
Cote d'Ivoire,2020,1904390
Costa Rica,2020,6528232
Cook Islands,2020,24225
Congo (Kinshasa),2020,1433404
Congo (Brazzaville),2020,198651
Comoros,2020,0
Colombia,2020,124712928
China,2020,165143760
Chile,2020,58047012
Chad,2020,315371
Central African Republic,2020,81166
Cayman Islands,2020,414890
Canada,2020,895942191
Cameroon,2020,341429
Cambodia,2020,115891
Burma,2020,268074
Burkina Faso,2020,4286944
Bulgaria,2020,1737978
Brunei,2020,35697300
British Virgin Islands,2020,59807
Brazil,2020,202864340
Botswana,2020,2866651
Bosnia and Herzegovina,2020,3867736
Bolivia,2020,11744785
Bhutan,2020,10840
Bermuda,2020,58096
Benin,2020,21205
Belize,2020,166685
Belgium,2020,124247429
Belarus,2020,81114
Barbados,2020,265535
Bangladesh,2020,19408022
Bahrain,2020,99603354
Bahamas,2020,449094
Azerbaijan,2020,3570084
Austria,2020,28953057
Australia,2020,805012749
Aruba,2020,80787
Armenia,2020,82994
Argentina,2020,77173682
Antigua and Barbuda,2020,501032
Anguilla,2020,36714
Angola,2020,26010216
Andorra,2020,25875
Algeria,2020,32967399
Albania,2020,280290
African Union Mission In Somalia,2020,0
Afghanistan,2020,169705629
Zambia,2019,222731
Yemen,2019,0
Vietnam,2019,25215302
Venezuela,2019,10324017
Uzbekistan,2019,1385092
Uruguay,2019,3394711
United Kingdom,2019,917791750
United Arab Emirates,2019,1347965702
Ukraine,2019,37286951
Uganda,2019,7789211
Turks and Caicos Islands,2019,63018
Turks and Caicos,2019,0
Turkmenistan,2019,3046953
Turkey,2019,396720925
Tunisia,2019,32290785
Trinidad and Tobago,2019,12558021
Tonga,2019,5560
Togo,2019,6098631
Timor-Leste,2019,0
Thailand,2019,172246126
Tanzania,2019,3463774
Tajikistan,2019,19224
Taiwan,2019,535624675
Switzerland,2019,180211656
Sweden,2019,75876748
Swaziland,2019,0
Suriname,2019,2233114
St. Vincent and the Grenadines,2019,29779
St. Lucia,2019,629397
St. Kitts and Nevis,2019,37177
Sri Lanka,2019,1295596
Spain,2019,270038082
South Sudan,2019,480291
South Korea,2019,1029514370
South Africa,2019,21604884
Somalia,2019,14787797
Solomon Islands,2019,34614
Slovenia,2019,54944949
Slovakia,2019,2526002
Sint Maarten,2019,3110315
Singapore,2019,320905440
Sierra Leone,2019,2730
Seychelles,2019,70465
Serbia,2019,1748127
Senegal,2019,1953714
Saudi Arabia,2019,2977451722
Sao Tome and Principe,2019,0
Samoa,2019,11700
Rwanda,2019,329855
Russia,2019,29755620
Romania,2019,52235737
Qatar,2019,1406008504
Portugal,2019,164561576
Poland,2019,215048375
Philippines,2019,60242060
Peru,2019,29597482
Paraguay,2019,1079189
Papua New Guinea,2019,16729601
Panama,2019,7706226
Palau,2019,104803
Pakistan,2019,92308274
Oman,2019,75879210
Norway,2019,202211152
North Macedonia,2019,0
Nigeria,2019,49411529
Niger,2019,43423155
Nicaragua,2019,172402
New Zealand,2019,69444840
New Caledonia,2019,594394
Netherlands,2019,253411294
Nepal,2019,334226
Namibia,2019,1028208
Mozambique,2019,77539
Morocco,2019,90650524
Montserrat,2019,0
Montenegro,2019,11690
Mongolia,2019,688800
Monaco,2019,104486
Moldova,2019,149506
Micronesia,2019,50122
Mexico,2019,665852762
Mauritius,2019,31150
Mauritania,2019,1640531
Marshall Islands,2019,1097070
Malta,2019,1113249
Mali,2019,1440194
Maldives,2019,1635019
Malaysia,2019,72958400
Malawi,2019,4950
Madagascar,2019,12059
Macedonia,2019,4549792
Macau,2019,158925
Luxembourg,2019,34132392
Lithuania,2019,38475059
Liechtenstein,2019,181510
Libya,2019,9883
Lesotho,2019,0
Lebanon,2019,27887014
Latvia,2019,1362579
Laos,2019,56600
Kyrgyzstan,2019,557108
Kuwait,2019,405776664
Kosovo,2019,1014794
Kenya,2019,12000187
Kazakhstan,2019,21478184
Jordan,2019,144878449
Japan,2019,2487452229
Jamaica,2019,6471060
Italy,2019,1066625900
Israel,2019,882902537
Ireland,2019,7041619
Iraq,2019,124090347
Indonesia,2019,127634542
India,2019,1529969389
Iceland,2019,694002
Hungary,2019,49622277
Hong Kong,2019,34256589
Honduras,2019,1569981
Haiti,2019,770630
Guyana,2019,1624000
Guinea,2019,66275
Guatemala,2019,20851110
Guadeloupe,2019,33495
Grenada,2019,36867
Greenland,2019,6478845
Greece,2019,55356426
Global,2019,0
Ghana,2019,12315015
Germany,2019,395392325
Georgia,2019,4969425
Gabon,2019,3807941
French Polynesia,2019,712603
French Guiana,2019,0
France,2019,457098754
Finland,2019,58286311
Fiji,2019,290526
Faroe Islands,2019,26769
Ethiopia,2019,6760538
Estonia,2019,35754695
Equatorial Guinea,2019,35512807
El Salvador,2019,9404859
Egypt,2019,251113220
Ecuador,2019,15552657
Dominican Republic,2019,1799897
Dominica,2019,16777
Djibouti,2019,9604812
Denmark,2019,37039489
Czech Republic,2019,67241380
Cyprus,2019,335286
Curacao,2019,418044
Croatia,2019,3744195
Cote d'Ivoire,2019,32494
Costa Rica,2019,11445645
Cook Islands,2019,16718
Congo (Kinshasa),2019,1870221
Congo (Brazzaville),2019,234825
Comoros,2019,0
Colombia,2019,81109320
China,2019,178574858
Chile,2019,60264859
Chad,2019,330986
Central African Republic,2019,7541
Cayman Islands,2019,550430
Cape Verde,2019,0
Canada,2019,1166275817
Cameroon,2019,2694723
Cambodia,2019,100682
Burma,2019,194221
Burkina Faso,2019,1012601
Bulgaria,2019,2479358
Brunei,2019,2431952
British Virgin Islands,2019,22117
Brazil,2019,215564914
Botswana,2019,3696460
Bosnia and Herzegovina,2019,699445
Bolivia,2019,7946075
Bhutan,2019,7332
Bermuda,2019,27643
Benin,2019,0
Belize,2019,100656
Belgium,2019,150505633
Belarus,2019,225727
Barbados,2019,332746
Bangladesh,2019,19523407
Bahrain,2019,111799082
Bahamas,2019,14249242
Azerbaijan,2019,17343274
Austria,2019,24700046
Australia,2019,1162471219
Aruba,2019,335491
Armenia,2019,38453
Argentina,2019,129270212
Antigua and Barbuda,2019,2868313
Anguilla,2019,32140
Angola,2019,30563549
Andorra,2019,3243
Algeria,2019,9960855
Albania,2019,16668626
Afghanistan,2019,96421436
Zambia,2018,186247
Vietnam,2018,34624839
Venezuela,2018,6061018
Vatican City,2018,12750
Vanuatu,2018,5000
Uzbekistan,2018,6876206
Uruguay,2018,1412992
United Kingdom,2018,971898322
United Arab Emirates,2018,1218371275
Ukraine,2018,39040920
Uganda,2018,2358816
Turks and Caicos Islands,2018,79381
Turkmenistan,2018,3685673
Turkey,2018,394764539
Tunisia,2018,35983678
Trinidad And Tobago,2018,28556264
Togo,2018,22340
Thailand,2018,213307141
Tanzania,2018,6029739
Tajikistan,2018,50000
Taiwan,2018,683510491
Switzerland,2018,62584521
Sweden,2018,96365407
Suriname,2018,433251
St. Vincent and the Grenadines,2018,289052
St. Lucia,2018,58845
St. Kitts and Nevis,2018,246144
Sri Lanka,2018,998670
Spain,2018,264359466
South Sudan,2018,3522
South Korea,2018,881006685
South Africa,2018,37487793
Somalia,2018,156402
Solomon Islands,2018,11510
Slovenia,2018,2579086
Slovakia,2018,1402295
Sint Maarten,2018,194800
Singapore,2018,492402029
Sierra Leone,2018,12098
Seychelles,2018,97200
Serbia,2018,2915981
Senegal,2018,2640524
Saudi Arabia,2018,2899307525
Sao Tome and Principe,2018,38256
Rwanda,2018,166137
Russia,2018,28840868
Romania,2018,56530835
Qatar,2018,441021624
Portugal,2018,81818431
Poland,2018,219606702
Philippines,2018,87211453
Peru,2018,30328142
Paraguay,2018,2970644
Papua New Guinea,2018,7812647
Panama,2018,6775175
Palau,2018,99756
Pakistan,2018,82229025
Oman,2018,237681073
Norway,2018,183521537
North Atlantic Treaty Organization,2018,0
Nigeria,2018,47620162
Niger,2018,3283339
Nicaragua,2018,1464873
New Zealand,2018,61757079
New Caledonia,2018,841998
Netherlands,2018,250013697
Nepal,2018,326241
Namibia,2018,1225578
Mozambique,2018,15043
Morocco,2018,128778929
Montserrat,2018,0
Montenegro,2018,217197
Mongolia,2018,186882
Moldova,2018,14109
Micronesia,2018,10920
Mexico,2018,949248450
Mauritius,2018,28029798
Mauritania,2018,635009
Martinique,2018,6792256
Marshall Islands,2018,4206002
Malta,2018,757574
Mali,2018,1171880
Maldives,2018,763875
Malaysia,2018,54628388
Madagascar,2018,27464
Macedonia,2018,3110740
Macau,2018,78090
Luxembourg,2018,23529738
Lithuania,2018,11980563
Libya,2018,1000737
Liberia,2018,6086
Lebanon,2018,81587049
Latvia,2018,307268
Kyrgyzstan,2018,271695
Kuwait,2018,167556968
Kosovo,2018,5341618
Kiribati,2018,125000
Kenya,2018,6860122
Kazakhstan,2018,9605995
Jordan,2018,180316088
Japan,2018,2200375459
Jamaica,2018,18557234
Italy,2018,699914609
Israel,2018,782133504
Ireland,2018,4890570
Iraq,2018,158480412
Indonesia,2018,122850947
India,2018,387634344
Iceland,2018,640733
Hungary,2018,59946855
Hong Kong,2018,41059077
Honduras,2018,6224698
Haiti,2018,405119
Guyana,2018,1429702
Guinea,2018,12438
Guatemala,2018,5238956
Grenada,2018,193952
Greenland,2018,1072814
Greece,2018,53535915
Global,2018,0
Ghana,2018,11265855
Germany,2018,734003203
Georgia,2018,7914521
Gabon,2018,1576384
French Polynesia,2018,431452
France,2018,344648303
Finland,2018,64120224
Fiji,2018,229920
Ethiopia,2018,669959
Eswatini,2018,138254
Estonia,2018,2458106
Equatorial Guinea,2018,5673238
El Salvador,2018,15059023
Egypt,2018,221109263
Ecuador,2018,15479021
Dominican Republic,2018,10518719
Dominica,2018,86288
Djibouti,2018,15484090
Denmark,2018,47185509
Democratic Republic of Congo,2018,0
Czech Republic,2018,53334952
Cyprus,2018,37474
Curacao,2018,111428
Croatia,2018,1650144
Cote D'Ivoire,2018,94218
Costa Rica,2018,8436465
Congo (Kinshasa),2018,237038
Congo (Brazzaville),2018,1482952
Colombia,2018,66088369
China,2018,140721732
Chile,2018,53052258
Chad,2018,2451076
Central African Republic,2018,3775
Cayman Islands,2018,359095
Canada,2018,1064600292
Cameroon,2018,1651831
Cambodia,2018,222224
Burma,2018,40360
Burkina Faso,2018,251639
Bulgaria,2018,1323790
Brunei,2018,2996271
British Virgin Islands,2018,186743
Brazil,2018,370059324
Botswana,2018,671543
Bosnia and Herzegovina,2018,457156
Bolivia,2018,13118484
Bhutan,2018,10566
Bermuda,2018,124176
Belize,2018,311148
Belgium,2018,210787672
Belarus,2018,2789402
Barbados,2018,135041
Bangladesh,2018,27953389
Bahrain,2018,74826083
Bahamas,2018,1472729
Azerbaijan,2018,4464191
Austria,2018,19848269
Australia,2018,932748481
Aruba,2018,232565
Armenia,2018,59842
Argentina,2018,111526229
Antigua and Barbuda,2018,732988
Anguilla,2018,25893
Angola,2018,32676745
Andorra,2018,14518
Algeria,2018,55261689
Albania,2018,160125
Afghanistan,2018,621786757
Yemen,2017,638000
Vietnam,2017,8197374
Uzbekistan,2017,624000
Uruguay,2017,383500
United Kingdom,2017,398368153
United Arab Emirates,2017,868817337
Ukraine,2017,39895783
Uganda,2017,696000
Turks and Caicos,2017,5369
Turkmenistan,2017,977916
Turkey,2017,448343438
Tunisia,2017,116281623
Trinidad and Tobago,2017,1027710
Togo,2017,2000
Timor-Leste,2017,24000
Thailand,2017,119342478
Tanzania,2017,116000
Tajikistan,2017,1924423
Taiwan,2017,1023531830
Switzerland,2017,47971670
Sweden,2017,61516654
Swaziland,2017,41000
Suriname,2017,189000
St. Vincent and the Grenadines,2017,13000
St. Maarten,2017,0
Sri Lanka,2017,2233000
Spain,2017,102623473
South Sudan,2017,0
South Korea,2017,10371841435
South Africa,2017,569689
Somalia,2017,750750
Solomon Islands,2017,5711
Slovenia,2017,1560319
Slovakia,2017,11600600
Singapore,2017,206552189
Sierra Leone,2017,287000
Seychelles,2017,492003
Serbia,2017,206470
Senegal,2017,1285993
Saudi Arabia,2017,6253751015
Rwanda,2017,7000
Russia,2017,245440
Romania,2017,136928710
Republic of the Congo,2017,15000
Qatar,2017,283328046
Portugal,2017,31854401
Poland,2017,215685075
Philippines,2017,61302305
Peru,2017,6952304
Paraguay,2017,481003
Papua New Guinea,2017,19440
Panama,2017,2909433
Pakistan,2017,153746944
Oman,2017,130448949
Norway,2017,160203803
North Atlantic Treaty Organization,2017,0
Nigeria,2017,6227000
Niger,2017,908315
Nicaragua,2017,924194
New Zealand,2017,34875734
Netherlands,2017,263304180
Nepal,2017,1018000
Mozambique,2017,92000
Morocco,2017,109518799
Montenegro,2017,237000
Mongolia,2017,841000
Moldova,2017,2070260
Mexico,2017,264268176
Mauritania,2017,1088000
Malta,2017,124648
Mali,2017,172817
Maldives,2017,98000
Malaysia,2017,49561177
Malawi,2017,382000
Madagascar,2017,64000
Macedonia,2017,1141000
Luxembourg,2017,3303450
Lithuania,2017,3184279
Libya,2017,91000
Liberia,2017,1268000
Lesotho,2017,270000
Lebanon,2017,58179266
Latvia,2017,19108770
Kyrgyzstan,2017,687000
Kuwait,2017,617440611
Kosovo,2017,2975000
Kenya,2017,19241278
Kazakhstan,2017,5795623
Jordan,2017,187759556
Japan,2017,1343751805
Jamaica,2017,1119240
Italy,2017,128943147
Israel,2017,673527572
Ireland,2017,2697637
Iraq,2017,1793082882
Indonesia,2017,257120674
India,2017,248040988
Iceland,2017,134200
Hungary,2017,27830521
Hong Kong,2017,792446
Honduras,2017,1840528
Haiti,2017,169500
Guyana,2017,88000
Guinea,2017,0
Guatemala,2017,3294653
Grenada,2017,13000
Greece,2017,146034103
Global,2017,5646235463
Ghana,2017,260000
Germany,2017,129620803
Georgia,2017,15920744
Gambia,2017,34000
Gabon,2017,4093000
French Guiana,2017,0
France,2017,261775269
Finland,2017,103698781
Fiji,2017,5000
Europe Regional,2017,0
Ethiopia,2017,2256137
Estonia,2017,5199983
Eritrea,2017,1000
El Salvador,2017,3848377
Egypt,2017,507429039
Ecuador,2017,9014231
Dominican Republic,2017,1022574
Dominica,2017,189000
Djibouti,2017,1016653
Denmark,2017,146339241
Czech Republic,2017,9940035
Curacao,2017,6500
Croatia,2017,16037622
Cote d'Ivoire,2017,2000
Costa Rica,2017,2075833
Colombia,2017,77557505
Chile,2017,59692643
Chad,2017,1869000
Canada,2017,278414800
Cameroon,2017,1689988
Cambodia,2017,383114
Burundi,2017,509000
Burma,2017,21000
Burkina Faso,2017,174000
Bulgaria,2017,3836129
Brunei,2017,842106
British Virgin Islands,2017,15600
Brazil,2017,48797345
Botswana,2017,859481
Bosnia and Herzegovina,2017,2130690
Bermuda,2017,121693
Benin,2017,26000
Belize,2017,512466
Belgium,2017,79468139
Barbados,2017,40183
Bangladesh,2017,8141534
Bahrain,2017,66633428
Bahamas,2017,173560
Azerbaijan,2017,2264125
Austria,2017,30578254
Australia,2017,1367750163
Aruba,2017,0
Armenia,2017,3767489
Argentina,2017,31415335
Antigua and Barbuda,2017,1000
Anguilla,2017,7945
Angola,2017,10290000
Andorra,2017,2782
Algeria,2017,4916884
Albania,2017,2691060
Afghanistan,2017,98783923
Zambia,2016,0
Yemen,2016,1028000
Vietnam,2016,10784519
Uzbekistan,2016,15902580
Uruguay,2016,1190288
United Kingdom,2016,383276260
United Arab Emirates,2016,1490252201
Ukraine,2016,36151566
Uganda,2016,14500
Turks and Caicos,2016,13541
Turkmenistan,2016,1084240
Turkey,2016,294002804
Tunisia,2016,26866896
Trinidad and Tobago,2016,718709
Tonga,2016,122210
Togo,2016,235000
Timor-Leste,2016,80206
Thailand,2016,107872804
Tanzania,2016,67307
Tajikistan,2016,6941175
Taiwan,2016,1195623812
Switzerland,2016,65435472
Sweden,2016,125293188
Suriname,2016,62500
St. Vincent and the Grenadines,2016,8000
St. Kitts and Nevis,2016,3000
Sri Lanka,2016,0
Spain,2016,117390630
South Sudan,2016,1700003
South Korea,2016,885776712
South Africa,2016,4036100
Slovenia,2016,700963
Slovakia,2016,13097870
Singapore,2016,328445247
Sierra Leone,2016,363000
Seychelles,2016,78000
Serbia,2016,3357043
Senegal,2016,382566
Saudi Arabia,2016,3930017797
Rwanda,2016,0
Romania,2016,56930008
Republic of the Congo,2016,41000
Qatar,2016,1180330015
Portugal,2016,22318883
Poland,2016,177851472
Philippines,2016,64459077
Peru,2016,23976919
Paraguay,2016,649000
Papua New Guinea,2016,0
Panama,2016,2327923
Pakistan,2016,274706043
Oman,2016,165765152
Norway,2016,202603803
North Atlantic Treaty Organization,2016,0
Nigeria,2016,5187540
Niger,2016,5108000
Nicaragua,2016,2547620
New Zealand,2016,25067074
Netherlands,2016,256261827
Nepal,2016,92000
Namibia,2016,0
Mozambique,2016,3000
Morocco,2016,80215550
Montserrat,2016,8910
Montenegro,2016,248830
Mongolia,2016,2671000
Moldova,2016,4345000
Mexico,2016,182001166
Mauritius,2016,141564
Mauritania,2016,191000
Malta,2016,94618
Mali,2016,218328
Maldives,2016,0
Malaysia,2016,67328364
Malawi,2016,0
Madagascar,2016,752000
Macedonia,2016,1613000
Luxembourg,2016,3308003
Lithuania,2016,8468665
Libya,2016,273000
Liberia,2016,5517000
Lebanon,2016,72457736
Latvia,2016,11994738
Kyrgyzstan,2016,192000
Kuwait,2016,503575765
Kosovo,2016,10414798
Kenya,2016,15453970
Kazakhstan,2016,6320650
Jordan,2016,211441116
Japan,2016,1047859983
Jamaica,2016,1401404
Italy,2016,206491238
Israel,2016,746202675
Ireland,2016,2403261
Iraq,2016,2293211488
International Organizations,2016,125588000
Indonesia,2016,98205186
India,2016,215955122
Iceland,2016,69000
Hungary,2016,7841250
Hong Kong,2016,441166
Honduras,2016,2205047
Haiti,2016,717438
Guyana,2016,0
Guinea,2016,129070
Guatemala,2016,2599931
Grenada,2016,91000
Greece,2016,96750521
Global,2016,4800269000
Ghana,2016,2135278
Germany,2016,237885088
Georgia,2016,13654522
Gabon,2016,3494000
French Guiana,2016,0
France,2016,167491658
Finland,2016,85621534
Fiji,2016,5000
Europe Regional,2016,0
Ethiopia,2016,2965969
Estonia,2016,9450927
El Salvador,2016,4434789
Egypt,2016,1289480274
Ecuador,2016,1812465
Dominican Republic,2016,1959480
Dominica,2016,0
Djibouti,2016,2158000
Denmark,2016,223611182
Czech Republic,2016,31829420
Croatia,2016,9081732
Cote d'Ivoire,2016,2695000
Costa Rica,2016,1197198
Colombia,2016,102613335
Chile,2016,54472609
Chad,2016,3753920
Central African Republic,2016,6400
Cayman Islands,2016,23334
Cape Verde,2016,1000
Canada,2016,384918048
Cameroon,2016,463500
Cambodia,2016,479000
Burundi,2016,0
Burkina Faso,2016,535896
Bulgaria,2016,5053000
Brunei,2016,8118575
Brazil,2016,80561946
Botswana,2016,251383
Bosnia and Herzegovina,2016,1769038
Bolivia,2016,1153250
Bermuda,2016,17077
Benin,2016,898163
Belize,2016,1865567
Belgium,2016,41154237
Barbados,2016,18000
Bangladesh,2016,3478640
Bahrain,2016,53085473
Bahamas,2016,121000
Azerbaijan,2016,2220000
Austria,2016,6554392
Australia,2016,1311690281
Aruba,2016,64561
Armenia,2016,1527000
Argentina,2016,44236883
Antigua and Barbuda,2016,107000
Anguilla,2016,2400
Angola,2016,25000
Algeria,2016,20830416
Albania,2016,1734802
Afghanistan,2016,322592826
Zambia,2015,1813182
Yemen,2015,3005000
Vietnam,2015,4262408
Venezuela,2015,458654
Uzbekistan,2015,6226040
Uruguay,2015,161378
United Kingdom,2015,850907613
United Arab Emirates,2015,1376371090
Ukraine,2015,29234576
Uganda,2015,7750768
Turks and Caicos,2015,28993
Turkmenistan,2015,91533
Turkey,2015,582157648
Tunisia,2015,30165806
Trinidad and Tobago,2015,5768983
Tonga,2015,314426
Togo,2015,370788
Timor-Leste,2015,1000
Thailand,2015,134961664
Tanzania,2015,0
Tajikistan,2015,2587314
Taiwan,2015,1254913321
Switzerland,2015,78264623
Sweden,2015,70248173
Swaziland,2015,286495
Suriname,2015,386159
St. Vincent and the Grenadines,2015,29400
St. Kitts and Nevis,2015,8040
Sri Lanka,2015,2328188
Spain,2015,224879135
South Sudan,2015,0
South Korea,2015,1179630439
South Africa,2015,12681974
Somalia,2015,5615183
Slovenia,2015,1327583
Slovakia,2015,1058545
Singapore,2015,309817613
Sierra Leone,2015,1376457
Seychelles,2015,4000
Serbia,2015,454261
Senegal,2015,1242500
Saudi Arabia,2015,3296005975
Sao Tome and Principe,2015,4000
Rwanda,2015,40000
Russia,2015,3011
Romania,2015,23170123
Republic of the Congo,2015,0
Qatar,2015,124829209
Portugal,2015,38278605
Poland,2015,189912508
Philippines,2015,154223009
Peru,2015,15636145
Paraguay,2015,298639
Papua New Guinea,2015,80216
Panama,2015,1643539
Pakistan,2015,252793909
Oman,2015,209411141
Norway,2015,178829613
North Atlantic Treaty Organization,2015,0
Nigeria,2015,37678799
Niger,2015,19460533
Nicaragua,2015,1541033
New Zealand,2015,80505085
Netherlands,2015,248617304
Nepal,2015,223416
Namibia,2015,4400
Mozambique,2015,207393
Morocco,2015,49101615
Montenegro,2015,1197166
Mongolia,2015,4213000
Moldova,2015,1783640
Mexico,2015,494235378
Mauritius,2015,4941
Mauritania,2015,6257866
Malta,2015,152599
Mali,2015,1731188
Malaysia,2015,121236949
Macedonia,2015,2599781
Macau,2015,18376
Luxembourg,2015,33643124
Lithuania,2015,9541722
Libya,2015,488793
Liberia,2015,1006500
Lesotho,2015,2000
Lebanon,2015,108787461
Latvia,2015,2376730
Kyrgyzstan,2015,0
Kuwait,2015,419273601
Kosovo,2015,478848
Kenya,2015,18312316
Kazakhstan,2015,1652814
Jordan,2015,210385186
Japan,2015,2596191846
Jamaica,2015,3254105
Italy,2015,354658977
Israel,2015,1036249525
Ireland,2015,797036
Iraq,2015,1958093610
International Organizations,2015,124272000
Indonesia,2015,186255837
India,2015,732794243
Iceland,2015,487218
Hungary,2015,5508730
Hong Kong,2015,2030429
Honduras,2015,7793723
Haiti,2015,3433026
Guyana,2015,1491396
Guinea,2015,4595
Guatemala,2015,4595923
Grenada,2015,24000
Greece,2015,128812948
Global,2015,492000
Ghana,2015,1161362
Germany,2015,474147621
Georgia,2015,9546182
Gabon,2015,1081550
France,2015,390441843
Finland,2015,160054860
Fiji,2015,2000
Europe Regional,2015,0
Ethiopia,2015,6083874
Estonia,2015,19226796
Eritrea,2015,29000
El Salvador,2015,3959472
Egypt,2015,482575886
Ecuador,2015,2463289
Dominican Republic,2015,2435839
Dominica,2015,22075
Djibouti,2015,4356827
Denmark,2015,137987420
Democratic Republic of Congo,2015,420890
Czech Republic,2015,21964086
Cyprus,2015,2392097
Curacao,2015,2720
Croatia,2015,4478449
Cote d'Ivoire,2015,707604
Costa Rica,2015,579076
Colombia,2015,210966989
China,2015,267053
Chile,2015,99402072
Chad,2015,1356841
Central African Republic,2015,1671741
Cayman Islands,2015,15490
Cape Verde,2015,54492
Canada,2015,475044746
Cameroon,2015,1229984
Cambodia,2015,1222700
Burundi,2015,204300
Bulgaria,2015,7998685
Brunei,2015,3091716
British Virgin Islands,2015,0
Brazil,2015,141739974
Botswana,2015,2265749
Bosnia and Herzegovina,2015,2946520
Bolivia,2015,210249
Bhutan,2015,738
Bermuda,2015,0
Benin,2015,47500
Belize,2015,395350
Belgium,2015,141172179
Barbados,2015,5490193
Bangladesh,2015,5487358
Bahrain,2015,66746869
Bahamas,2015,951461
Azerbaijan,2015,4277000
Austria,2015,17459344
Australia,2015,2667391364
Aruba,2015,85897
Armenia,2015,3978777
Argentina,2015,100596713
Antigua and Barbuda,2015,16435
Anguilla,2015,4500
Angola,2015,0
Algeria,2015,14925565
Albania,2015,2677416
Afghanistan,2015,184265944
Zambia,2014,0
Yemen,2014,7421077
Vietnam,2014,1499532
Uzbekistan,2014,4004190
Uruguay,2014,613914
United Nations,2014,0
United Kingdom,2014,855566438
United Arab Emirates,2014,962143348
Ukraine,2014,10261000
Uganda,2014,2573216
Turks and Caicos,2014,0
Turkmenistan,2014,38613
Turkey,2014,283132273
Tunisia,2014,25866189
Trinidad and Tobago,2014,1675899
Tonga,2014,612000
Togo,2014,197000
Timor-Leste,2014,0
The Gambia,2014,1000
Thailand,2014,112635523
Tanzania,2014,120000
Tajikistan,2014,4262198
Taiwan,2014,1689379900
Syria,2014,0
Switzerland,2014,70072509
Sweden,2014,63343235
Swaziland,2014,22000
Suriname,2014,187000
Sudan,2014,0
St. Vincent and the Grenadines,2014,103000
St. Lucia,2014,0
St. Kitts and Nevis,2014,128930
Sri Lanka,2014,751000
Spain,2014,136382449
South Sudan,2014,0
South Korea,2014,838093376
South Africa,2014,3552725
Somalia,2014,12230744
Slovenia,2014,3411201
Slovakia,2014,2166421
Singapore,2014,266504812
Sierra Leone,2014,409000
Seychelles,2014,639000
Serbia,2014,901486
Senegal,2014,1051860
Saudi Arabia,2014,2489500911
Sao Tome and Principe,2014,90000
Rwanda,2014,0
Russia,2014,5657586
Romania,2014,20334008
Republic of the Congo,2014,0
Qatar,2014,32506059
Portugal,2014,22262946
Poland,2014,94638795
Philippines,2014,53053944
Peru,2014,10755687
Paraguay,2014,397379
Papua New Guinea,2014,61000
Panama,2014,8756689
Pakistan,2014,386313647
Oman,2014,648096310
Norway,2014,178873420
North Atlantic Treaty Organization,2014,0
Nigeria,2014,11662021
Niger,2014,66812
Nicaragua,2014,2058766
New Zealand,2014,16795075
Netherlands,2014,164076955
Nepal,2014,6609451
Namibia,2014,1188864
Mozambique,2014,0
Morocco,2014,82995816
Montenegro,2014,2645000
Mongolia,2014,2641000
Moldova,2014,757108
Micronesia,2014,0
Mexico,2014,319575343
Mauritius,2014,191708
Mauritania,2014,14557538
Malta,2014,145000
Mali,2014,4000
Maldives,2014,18000
Malaysia,2014,59217281
Madagascar,2014,0
Macedonia,2014,4530684
Luxembourg,2014,12471681
Lithuania,2014,7211218
Libya,2014,3580800
Liberia,2014,2808000
Lesotho,2014,1000
Lebanon,2014,89439343
Latvia,2014,3266385
Kyrgyzstan,2014,306400
Kuwait,2014,565168521
Kosovo,2014,1491608
Kenya,2014,15589614
Kazakhstan,2014,756188
Jordan,2014,303367540
Japan,2014,1090659373
Jamaica,2014,1949672
Italy,2014,448782600
Israel,2014,1051758111
Ireland,2014,6236958
Iraq,2014,1114910599
International Organizations,2014,167288000
Indonesia,2014,142089952
India,2014,414297322
Iceland,2014,20706
Hungary,2014,3076133
Hong Kong,2014,369384
Honduras,2014,1636032
Holy See,2014,10
Haiti,2014,470913
Guyana,2014,995710
Guatemala,2014,2207618
Grenada,2014,109000
Greece,2014,96856715
Global,2014,2100012000
Ghana,2014,769592
Germany,2014,193900331
Georgia,2014,20892596
Gabon,2014,941000
French Guiana,2014,2250000
France,2014,227355646
Finland,2014,64478179
Europe Regional,2014,0
Ethiopia,2014,5760335
Estonia,2014,7981866
El Salvador,2014,1837781
Egypt,2014,944530596
Ecuador,2014,1393221
Dominican Republic,2014,1547612
Dominica,2014,101000
Djibouti,2014,2060000
Denmark,2014,67813270
Democratic Republic of Congo,2014,7000
Czech Republic,2014,9033822
Croatia,2014,2982863
Cote d'Ivoire,2014,0
Costa Rica,2014,3972608
Colombia,2014,127369608
Chile,2014,59922344
Chad,2014,113000
Central African Republic,2014,0
Cayman Islands,2014,6216
Cape Verde,2014,321000
Canada,2014,319952526
Cameroon,2014,542850
Cambodia,2014,477000
Burundi,2014,188087
Burkina Faso,2014,619488
Bulgaria,2014,15631621
Brunei,2014,163268391
British Virgin Islands,2014,46164
Brazil,2014,108271853
Botswana,2014,898000
Bosnia and Herzegovina,2014,1337455
Bolivia,2014,12000
Bhutan,2014,16389
Benin,2014,779488
Belize,2014,539743
Belgium,2014,58439246
Belarus,2014,0
Barbados,2014,3940
Bangladesh,2014,8542617
Bahrain,2014,65937097
Bahamas,2014,972896
Azerbaijan,2014,542904
Austria,2014,11123966
Australia,2014,931648409
Aruba,2014,96665
Armenia,2014,711000
Argentina,2014,32467092
Antigua and Barbuda,2014,265000
Angola,2014,343318
Algeria,2014,72625633
Albania,2014,2429000
Afghanistan,2014,41990358
Zimbabwe,2013,0
Zambia,2013,7000
Yemen,2013,7225888
Vietnam,2013,1852532
Uzbekistan,2013,2173944
Uruguay,2013,887417
United Nations,2013,0
United Kingdom,2013,1503891347
United Arab Emirates,2013,1142066229
Ukraine,2013,3654695
Uganda,2013,91660
Turks and Caicos,2013,12210
Turkmenistan,2013,184493
Turkey,2013,730459363
Tunisia,2013,131962672
Trinidad and Tobago,2013,434521
Tonga,2013,41000
Togo,2013,248000
Timor-Leste,2013,6472000
The Gambia,2013,577787
Thailand,2013,151333879
Tanzania,2013,204300
Tajikistan,2013,1117246
Taiwan,2013,828076982
Switzerland,2013,105190040
Sweden,2013,83192185
Swaziland,2013,72000
Suriname,2013,60019
St. Vincent and the Grenadines,2013,1470000
St. Lucia,2013,1324000
St. Kitts and Nevis,2013,808544
Sri Lanka,2013,3000
Spain,2013,147175338
South Sudan,2013,0
South Korea,2013,852329226
South Africa,2013,12524049
Solomon Islands,2013,45170
Slovenia,2013,1457861
Slovakia,2013,1731266
Singapore,2013,287585645
Sierra Leone,2013,1000
Seychelles,2013,0
Serbia,2013,1277982
Senegal,2013,1669788
Saudi Arabia,2013,3512289108
Sao Tome and Principe,2013,221000
Rwanda,2013,4000
Russia,2013,5115592
Romania,2013,11790069
Republic of the Congo,2013,0
Qatar,2013,58552200
Portugal,2013,19095893
Poland,2013,171062392
Philippines,2013,40167320
Peru,2013,15788285
Paraguay,2013,1107393
Papua New Guinea,2013,562901
Panama,2013,5826006
Pakistan,2013,309729797
Oman,2013,64089370
Norway,2013,215955982
North Atlantic Treaty Organization,2013,0
Nigeria,2013,14475188
Niger,2013,57786
Nicaragua,2013,335656
New Zealand,2013,17217781
New Caledonia,2013,10521
Netherlands,2013,212560761
Nepal,2013,291988
Namibia,2013,0
Mozambique,2013,0
Morocco,2013,217116633
Montserrat,2013,50000
Montenegro,2013,248120
Mongolia,2013,5232056
Moldova,2013,658000
Mexico,2013,113269645
Mauritius,2013,62400
Mauritania,2013,76648
Marshall Islands,2013,6200
Malta,2013,637541
Mali,2013,6000
Maldives,2013,8500
Malaysia,2013,86446039
Malawi,2013,0
Macedonia,2013,4364034
Luxembourg,2013,1517183
Lithuania,2013,4721010
Libya,2013,2073506
Liberia,2013,3927000
Lesotho,2013,17000
Lebanon,2013,60996646
Latvia,2013,3097742
Laos,2013,0
Kyrgyzstan,2013,89585
Kuwait,2013,306012073
Kosovo,2013,606585
Kenya,2013,8534975
Kazakhstan,2013,258547
Jordan,2013,342112760
Japan,2013,1292147236
Jamaica,2013,1176223
Italy,2013,167985569
Israel,2013,1348274057
Ireland,2013,942349
Iraq,2013,522734332
International Organizations,2013,165507000
Indonesia,2013,60657538
India,2013,640643195
Iceland,2013,533000
Hungary,2013,5937072
Hong Kong,2013,802927
Honduras,2013,1912171
Haiti,2013,2656502
Guyana,2013,21900
Guinea,2013,699000
Guatemala,2013,4001030
Grenada,2013,702000
Greece,2013,65974535
Global,2013,142000
Ghana,2013,1564741
Germany,2013,214998227
Georgia,2013,36626880
Gabon,2013,282201
French Polynesia,2013,55000
French Guiana,2013,194000000
France,2013,219694112
Finland,2013,121954516
Falkland Islands,2013,0
Ethiopia,2013,250832
Estonia,2013,15007790
El Salvador,2013,4618020
Egypt,2013,1544579083
Ecuador,2013,3532953
Dominican Republic,2013,2424092
Dominica,2013,607000
Djibouti,2013,102000
Denmark,2013,148386122
Czech Republic,2013,9053415
Curacao,2013,0
Croatia,2013,1486885
Costa Rica,2013,452566
Comoros,2013,10000
Colombia,2013,398456592
Chile,2013,119030481
Chad,2013,98000
Cayman Islands,2013,25752
Cape Verde,2013,38961
Canada,2013,504288703
Cameroon,2013,2205095
Cambodia,2013,827000
Burundi,2013,1000
Burkina Faso,2013,155640
Bulgaria,2013,16756626
Brunei,2013,33315912
Brazil,2013,121492894
Botswana,2013,2381573
Bosnia and Herzegovina,2013,5765062
Bolivia,2013,466155
Bermuda,2013,45932
Benin,2013,442008
Belize,2013,2746202
Belgium,2013,35755874
Barbados,2013,94800
Bangladesh,2013,7564014
Bahrain,2013,93777100
Bahamas,2013,239000
Azerbaijan,2013,614500
Austria,2013,7549634
Australia,2013,732246564
Aruba,2013,0
Armenia,2013,5128000
Argentina,2013,44286196
Antigua and Barbuda,2013,1796000
Anguilla,2013,8370
Angola,2013,214286
Algeria,2013,40631998
Albania,2013,2316125
Afghanistan,2013,11864023
Zambia,2012,160053
Yemen,2012,4090627
Vietnam,2012,433145
Uzbekistan,2012,1355485
Uruguay,2012,1443047
United Nations,2012,0
United Kingdom,2012,717098641
United Arab Emirates,2012,1534104865
Ukraine,2012,6160928
Uganda,2012,318107
Turks and Caicos,2012,17694
Turkmenistan,2012,91140
Turkey,2012,1330034380
Tunisia,2012,11912103
Trinidad and Tobago,2012,1673594
Togo,2012,0
The Gambia,2012,19000
Thailand,2012,86817501
Tanzania,2012,510825
Tajikistan,2012,893314
Taiwan,2012,1014717212
Switzerland,2012,116005829
Sweden,2012,87281473
Swaziland,2012,11000
Suriname,2012,62469
Sudan,2012,0
St. Vincent and the Grenadines,2012,57000
St. Maarten,2012,0
St. Lucia,2012,196291
St. Kitts and Nevis,2012,1152012
Sri Lanka,2012,0
Spain,2012,118548322
South Sudan,2012,3328913
South Korea,2012,932941144
South Africa,2012,23206386
Somalia,2012,0
Slovenia,2012,949484
Slovakia,2012,1117392
Singapore,2012,290064869
Sierra Leone,2012,0
Seychelles,2012,6590
Serbia,2012,397887
Senegal,2012,1461000
Saudi Arabia,2012,1709567136
Sao Tome and Principe,2012,1000
Rwanda,2012,201000
Russia,2012,11035212
Romania,2012,21067754
Qatar,2012,43897246
Portugal,2012,50449809
Poland,2012,185600328
Philippines,2012,41493734
Peru,2012,10423118
Paraguay,2012,2470917
Papua New Guinea,2012,97702
Panama,2012,4917569
Pakistan,2012,401582150
Oman,2012,154728918
Norway,2012,131033245
Nigeria,2012,15349487
Niger,2012,688386
Nicaragua,2012,965719
New Zealand,2012,15382588
New Caledonia,2012,685373
Netherlands Antilles,2012,0
Netherlands,2012,220060532
Nepal,2012,532822
Namibia,2012,492304
Mozambique,2012,136000
Morocco,2012,384233727
Montenegro,2012,470200
Mongolia,2012,3855476
Moldova,2012,1181100
Micronesia,2012,0
Mexico,2012,127120047
Mauritius,2012,2483981
Mauritania,2012,1418334
Marshall Islands,2012,240273
Malta,2012,471852
Mali,2012,267451
Maldives,2012,292000
Malaysia,2012,43435277
Malawi,2012,304000
Macedonia,2012,5373421
Luxembourg,2012,3286917
Lithuania,2012,3687074
Liechtenstein,2012,0
Libya,2012,0
Liberia,2012,2743950
Lesotho,2012,0
Lebanon,2012,25412611
Latvia,2012,3926794
Kyrgyzstan,2012,1627018
Kuwait,2012,269633709
Kosovo,2012,3430352
Kenya,2012,34319506
Kazakhstan,2012,5796971
Jordan,2012,384144295
Japan,2012,974882653
Jamaica,2012,2028264
Italy,2012,236283876
Israel,2012,1014603001
Ireland,2012,1448547
Iraq,2012,617844213
International Organizations,2012,116142000
Indonesia,2012,62067334
India,2012,215063703
Iceland,2012,542307
Hungary,2012,4878219
Hong Kong,2012,445732
Honduras,2012,1344994
Haiti,2012,418023
Guyana,2012,375809
Guinea,2012,6000
Guatemala,2012,2020718
Grenada,2012,1020000
Greenland,2012,142963
Greece,2012,189368321
Global,2012,0
Gibraltar,2012,0
Ghana,2012,1898606
Germany,2012,225663860
Georgia,2012,18269657
Gabon,2012,89283
French Polynesia,2012,16478
French Guiana,2012,137945079
France,2012,195150670
Finland,2012,105405669
Fiji,2012,1000
Falkland Islands,2012,0
Ethiopia,2012,1935887
Estonia,2012,7248532
Equatorial Guinea,2012,0
El Salvador,2012,7955512
Egypt,2012,870226335
Ecuador,2012,2094663
Dominican Republic,2012,1544016
Dominica,2012,1081806
Djibouti,2012,5920193
Denmark,2012,57456952
Democratic Republic of Congo,2012,0
Czech Republic,2012,11457660
Cyprus,2012,0
Curacao,2012,9165557
Croatia,2012,2044137
Cote d'Ivoire,2012,47500
Costa Rica,2012,2660207
Colombia,2012,173140777
China,2012,0
Chile,2012,95626801
Chad,2012,1771466
Central African Republic,2012,0
Cayman Islands,2012,29232
Canada,2012,476563443
Cameroon,2012,335127
Cambodia,2012,2702000
Burundi,2012,77450
Burkina Faso,2012,1190043
Bulgaria,2012,4353226
Brunei,2012,1661417
British Virgin Islands,2012,9164
Brazil,2012,158740057
Botswana,2012,1725118
Bosnia and Herzegovina,2012,2373542
Bolivia,2012,1392110
Bermuda,2012,0
Benin,2012,822000
Belize,2012,1384657
Belgium,2012,88136709
Barbados,2012,293849
Bangladesh,2012,2036305
Bahrain,2012,97396280
Bahamas,2012,254301
Azerbaijan,2012,1346976
Austria,2012,7463151
Australia,2012,854707525
Aruba,2012,5518
Armenia,2012,1915000
Argentina,2012,34275651
Antigua and Barbuda,2012,157000
Antarctica,2012,0
Anguilla,2012,0
Angola,2012,1312335
Andorra,2012,0
Algeria,2012,84376872
Albania,2012,3597305
Afghanistan,2012,182401861
Zambia,2011,251499
Yemen,2011,25174020
Vietnam,2011,1102938
Vanuatu,2011,0
Uzbekistan,2011,957000
Uruguay,2011,2050671
United Nations,2011,0
United Kingdom,2011,831953079
United Arab Emirates,2011,1744439340
Ukraine,2011,13777461
Uganda,2011,263743
Turks and Caicos,2011,21513
Turkmenistan,2011,399613
Turkey,2011,1006671468
Tunisia,2011,14060115
Trinidad and Tobago,2011,312521
Tonga,2011,89000
Togo,2011,395050
Timor-Leste,2011,1000
The Gambia,2011,0
Thailand,2011,149535832
Tanzania,2011,26351
Tajikistan,2011,242287
Taiwan,2011,807073513
Switzerland,2011,107456929
Sweden,2011,89631330
Swaziland,2011,439020
Svalbard and Jan Mayen,2011,0
Suriname,2011,101823
Sudan,2011,4560839
St. Vincent and the Grenadines,2011,19821
St. Lucia,2011,91305
St. Kitts and Nevis,2011,171343
Sri Lanka,2011,11000
Spain,2011,163921168
South Korea,2011,991232218
South Africa,2011,56036540
Somalia,2011,5500
Slovenia,2011,4949825
Slovakia,2011,3535559
Singapore,2011,397412299
Sierra Leone,2011,17891
Seychelles,2011,0
Serbia,2011,1493525
Senegal,2011,2047130
Saudi Arabia,2011,1655245741
Sao Tome and Principe,2011,0
San Marino,2011,0
Samoa,2011,0
Rwanda,2011,0
Russia,2011,25088714
Romania,2011,37068621
Qatar,2011,41253588
Portugal,2011,64107307
Poland,2011,220239340
Philippines,2011,37077452
Peru,2011,15500145
Paraguay,2011,2045750
Papua New Guinea,2011,529915
Panama,2011,9518020
Pakistan,2011,583600404
Oman,2011,43410985
Norway,2011,195722764
Nigeria,2011,30070031
Niger,2011,13100
Nicaragua,2011,960722
New Zealand,2011,18101183
New Caledonia,2011,732021
Netherlands Antilles,2011,1390378
Netherlands,2011,215799341
Nepal,2011,257891
Namibia,2011,532566
Mozambique,2011,694000
Morocco,2011,977963864
Montenegro,2011,472680
Mongolia,2011,3194228
Monaco,2011,0
Moldova,2011,227780
Mexico,2011,135745159
Mauritius,2011,84276744
Mauritania,2011,3249693
Marshall Islands,2011,1359
Malta,2011,8887
Mali,2011,2187134
Maldives,2011,481700
Malaysia,2011,44434051
Malawi,2011,3000
Madagascar,2011,362
Macedonia,2011,1143447
Luxembourg,2011,13305299
Lithuania,2011,4359084
Liechtenstein,2011,0
Libya,2011,237
Liberia,2011,170750
Lesotho,2011,0
Lebanon,2011,19167374
Latvia,2011,5960146
Laos,2011,0
Kyrgyzstan,2011,1090274
Kuwait,2011,544570523
Kosovo,2011,1272121
Kenya,2011,19341642
Kazakhstan,2011,2510066
Jordan,2011,226792276
Japan,2011,1043428444
Jamaica,2011,1210532
Italy,2011,241326889
Israel,2011,950957953
Ireland,2011,3698857
Iraq,2011,852498219
International Organizations,2011,147192000
Indonesia,2011,30167269
India,2011,100772587
Iceland,2011,419487
Hungary,2011,6036835
Hong Kong,2011,1440481
Honduras,2011,1363952
Haiti,2011,494154
Guyana,2011,39771
Guinea-Bissau,2011,11000
Guatemala,2011,3851334
Grenada,2011,2000
Greenland,2011,555492
Greece,2011,158176941
Global,2011,0
Ghana,2011,209665
Germany,2011,409537752
Georgia,2011,28376142
Gabon,2011,0
French Polynesia,2011,267092
French Guiana,2011,1048484
France,2011,206612780
Finland,2011,144661231
Ethiopia,2011,585603
Estonia,2011,4583700
El Salvador,2011,6951801
Egypt,2011,933635450
Ecuador,2011,7338267
Dominican Republic,2011,1888768
Dominica,2011,174103
Djibouti,2011,2154770
Denmark,2011,86945783
Democratic Republic of Congo,2011,220000
Czech Republic,2011,16842548
Cyprus,2011,106163
Croatia,2011,3219248
Costa Rica,2011,3081149
Colombia,2011,197470113
Chile,2011,32527690
Chad,2011,29000
Central African Republic,2011,7301
Cayman Islands,2011,58620
Cape Verde,2011,10000
Canada,2011,886255231
Cameroon,2011,130899
Cambodia,2011,457023
Burundi,2011,454060
Burkina Faso,2011,207237
Bulgaria,2011,5956539
Brunei,2011,3678595
Brazil,2011,97085981
Botswana,2011,1971459
Bosnia and Herzegovina,2011,8486028
Bolivia,2011,1272397
Bhutan,2011,4455
Bermuda,2011,0
Benin,2011,0
Belize,2011,1713142
Belgium,2011,67894923
Barbados,2011,185362
Bangladesh,2011,1672018
Bahrain,2011,59400336
Bahamas,2011,193086
Azerbaijan,2011,2980759
Austria,2011,8402484
Australia,2011,1308277164
Aruba,2011,51971
Armenia,2011,2046104
Argentina,2011,27424111
Antigua and Barbuda,2011,38660
Anguilla,2011,1500
Angola,2011,223823
Andorra,2011,0
Algeria,2011,28065532
Albania,2011,4326323
Afghanistan,2011,245854716
Zambia,2010,19333
Yemen,2010,5578824
Vietnam,2010,815937
Uzbekistan,2010,14000
Uruguay,2010,1251143
United Kingdom,2010,852070484
United Arab Emirates,2010,907168789
Ukraine,2010,21321822
Uganda,2010,1528549
Turks and Caicos,2010,19938
Turkmenistan,2010,27000
Turkey,2010,304552728
Tunisia,2010,12766284
Trinidad and Tobago,2010,2015056
Tonga,2010,428000
Togo,2010,6191
Timor-Leste,2010,188000
Thailand,2010,79796621
Tanzania,2010,358904
Tajikistan,2010,104000
Taiwan,2010,967971695
Switzerland,2010,100850484
Sweden,2010,55408648
Svalbard and Jan Mayen,2010,0
Suriname,2010,89396
Sudan,2010,6112346
St. Vincent and the Grenadines,2010,13223
St. Lucia,2010,264942
St. Kitts and Nevis,2010,130819
Sri Lanka,2010,6773000
Spain,2010,231254962
South Korea,2010,1261222114
South Africa,2010,37027800
Solomon Islands,2010,81200
Slovenia,2010,5225287
Slovakia,2010,5098568
Singapore,2010,563357090
Sierra Leone,2010,23968
Seychelles,2010,0
Serbia,2010,300339
Senegal,2010,1290980
Saudi Arabia,2010,1812566186
San Marino,2010,0
Rwanda,2010,38000
Russia,2010,7732636
Romania,2010,29664144
Qatar,2010,32886692
Portugal,2010,72824150
Poland,2010,102059748
Philippines,2010,59554997
Peru,2010,8423126
Paraguay,2010,1936134
Papua New Guinea,2010,167302
Panama,2010,1899994
Pakistan,2010,1141144866
Oman,2010,38400226
Norway,2010,175424109
Nigeria,2010,12067030
Nicaragua,2010,488997
New Zealand,2010,21969554
New Caledonia,2010,1334258
Netherlands Antilles,2010,22026534
Netherlands,2010,251007091
Nepal,2010,613660
Nauru,2010,0
Namibia,2010,401152
Mozambique,2010,201000
Morocco,2010,47719156
Montenegro,2010,462000
Mongolia,2010,1129000
Moldova,2010,664000
Mexico,2010,143780065
Mauritius,2010,426114
Mauritania,2010,0
Marshall Islands,2010,23138
Malta,2010,1080522
Mali,2010,30000
Malaysia,2010,56264340
Malawi,2010,0
Madagascar,2010,20795
Macedonia,2010,7579738
Luxembourg,2010,33429264
Lithuania,2010,10647331
Libya,2010,2806921
Liberia,2010,2143656
Lesotho,2010,0
Lebanon,2010,69543580
Latvia,2010,6083240
Laos,2010,53600
Kyrgyzstan,2010,226000
Kuwait,2010,254174115
Kosovo,2010,2582238
Kenya,2010,9034898
Kazakhstan,2010,1685668
Jordan,2010,187958928
Japan,2010,1500782502
Jamaica,2010,1384704
Italy,2010,325382155
Israel,2010,1117866205
Ireland,2010,2735166
Iraq,2010,445667990
International Organizations,2010,85742000
Indonesia,2010,20848152
India,2010,49139844
Iceland,2010,1017334
Hungary,2010,12015460
Hong Kong,2010,610299
Honduras,2010,347425
Haiti,2010,1021190
Guyana,2010,6547
Guinea-Bissau,2010,0
Guinea,2010,9000
Guatemala,2010,2273316
Grenada,2010,21000
Greenland,2010,483445
Greece,2010,282240743
Global,2010,0
Ghana,2010,155400
Germany,2010,463680167
Georgia,2010,11233164
Gabon,2010,3000
French Polynesia,2010,9746
French Guiana,2010,284384
France,2010,208228128
Finland,2010,140730864
Faroe Islands,2010,0
Ethiopia,2010,946627
Estonia,2010,7054851
Equatorial Guinea,2010,89671
El Salvador,2010,6343348
Egypt,2010,963533336
Ecuador,2010,11487054
Dominican Republic,2010,3811910
Dominica,2010,27950
Djibouti,2010,3408073
Denmark,2010,59274697
Democratic Republic of Congo,2010,3851866
Czech Republic,2010,10243546
Cyprus,2010,0
Croatia,2010,2750586
Cote d'Ivoire,2010,0
Costa Rica,2010,2702278
Colombia,2010,455766245
China,2010,17700
Chile,2010,36749123
Chad,2010,0
Central African Republic,2010,47228
Cayman Islands,2010,53884
Cape Verde,2010,2000
Canada,2010,902539690
Cameroon,2010,261662
Cambodia,2010,728000
Burundi,2010,0
Burkina Faso,2010,440528
Bulgaria,2010,12290867
Brunei,2010,1305800
Brazil,2010,66521259
Botswana,2010,678021
Bosnia and Herzegovina,2010,6953419
Bolivia,2010,422247
Bermuda,2010,16671
Benin,2010,64001
Belize,2010,1180373
Belgium,2010,54437316
Barbados,2010,182114
Bangladesh,2010,3043094
Bahrain,2010,117476206
Bahamas,2010,179211
Azerbaijan,2010,4325824
Austria,2010,7482769
Australia,2010,1029450416
Aruba,2010,7700
Armenia,2010,1671480
Argentina,2010,33522162
Antigua and Barbuda,2010,98777
Antarctica,2010,0
Angola,2010,567294
Andorra,2010,0
Algeria,2010,1730282
Albania,2010,9646612
Afghanistan,2010,93623983
Zimbabwe,2009,0
Zambia,2009,1606093
Yemen,2009,4976302
Vietnam,2009,2306797
Venezuela,2009,532000
Uzbekistan,2009,10000
Uruguay,2009,945576
United Nations,2009,0
United Kingdom,2009,1608410625
United Arab Emirates,2009,334028721
Ukraine,2009,7296791
Uganda,2009,113538
Turks and Caicos,2009,46219
Turkmenistan,2009,320350
Turkey,2009,377054022
Tunisia,2009,7974050
Trinidad and Tobago,2009,4104113
Tonga,2009,176000
Togo,2009,0
Timor-Leste,2009,31000
Thailand,2009,83701806
Tanzania,2009,1125
Tajikistan,2009,54000
Taiwan,2009,684539670
Switzerland,2009,66832787
Sweden,2009,73508803
Swaziland,2009,0
Suriname,2009,218211
St. Vincent and the Grenadines,2009,53968
St. Lucia,2009,797903
St. Kitts and Nevis,2009,638065
Sri Lanka,2009,23817
Spain,2009,232296739
South Korea,2009,741497766
South Africa,2009,13646465
Somalia,2009,0
Slovenia,2009,3126625
Slovakia,2009,2165489
Singapore,2009,307145416
Sierra Leone,2009,77450
Serbia,2009,348012
Senegal,2009,564695
Saudi Arabia,2009,1875065200
Sao Tome and Principe,2009,19000
San Marino,2009,0
Samoa,2009,4625
Saipan,2009,0
Rwanda,2009,29000
Russia,2009,11375802
Romania,2009,26193484
Republic of the Congo,2009,0
Qatar,2009,487552280
Portugal,2009,116770686
Poland,2009,151321855
Philippines,2009,77843675
Peru,2009,4104658
Paraguay,2009,294125
Papua New Guinea,2009,0
Panama,2009,1865406
Pakistan,2009,149316047
Oman,2009,46030407
Norway,2009,317682276
Nigeria,2009,3591334
Niger,2009,16272
Nicaragua,2009,1163860
New Zealand,2009,23529674
New Caledonia,2009,501943
Netherlands Antilles,2009,29786646
Netherlands,2009,305152856
Nepal,2009,65000
Namibia,2009,203515
Mozambique,2009,347000
Morocco,2009,26801058
Montserrat,2009,15450
Montenegro,2009,105680
Mongolia,2009,3292064
Monaco,2009,0
Moldova,2009,300000
Micronesia,2009,0
Mexico,2009,181374127
Mauritius,2009,819453
Mauritania,2009,252224
Malta,2009,406542
Maldives,2009,4000
Malaysia,2009,37953677
Malawi,2009,0
Madagascar,2009,0
Macedonia,2009,4130764
Luxembourg,2009,27712891
Lithuania,2009,7134486
Liechtenstein,2009,0
Libya,2009,433728
Liberia,2009,577864
Lesotho,2009,0
Lebanon,2009,52067507
Latvia,2009,1611328
Laos,2009,27000
Kyrgyzstan,2009,1460501
Kuwait,2009,285211142
Kosovo,2009,32603
Kenya,2009,10020010
Kazakhstan,2009,4563024
Jordan,2009,194757582
Japan,2009,1638564483
Jamaica,2009,1581579
Italy,2009,211949874
Israel,2009,910854581
Ireland,2009,4400338
Iraq,2009,846482478
International Organizations,2009,4022226000
Indonesia,2009,3759069
India,2009,42787227
Iceland,2009,1184150
Hungary,2009,26571597
Hong Kong,2009,83802178
Honduras,2009,1038928
Haiti,2009,417788
Guyana,2009,193439
Guinea,2009,0
Guatemala,2009,2565272
Grenada,2009,644975
Greenland,2009,303073
Greece,2009,1258287317
Global,2009,0
Ghana,2009,90900
Germany,2009,318752077
Georgia,2009,19661776
Gabon,2009,14448
French Polynesia,2009,9207
French Guiana,2009,132267
France,2009,151745397
Finland,2009,95356763
Fiji,2009,1000
Faroe Islands,2009,0
Falkland Islands,2009,0
Ethiopia,2009,2175620
Estonia,2009,9942686
Eritrea,2009,78000
Equatorial Guinea,2009,0
El Salvador,2009,11060289
Egypt,2009,927616111
Ecuador,2009,9958073
Dominican Republic,2009,1702833
Dominica,2009,363160
Djibouti,2009,4199057
Denmark,2009,69513664
Democratic Republic of Congo,2009,99000
Czech Republic,2009,17148125
Cyprus,2009,0
Croatia,2009,474928
Costa Rica,2009,1403800
Comoros,2009,0
Colombia,2009,143287465
China,2009,0
Chile,2009,88828527
Chad,2009,52000
Central African Republic,2009,16976
Cayman Islands,2009,1714
Cape Verde,2009,76000
Canada,2009,668502670
Cameroon,2009,64890
Cambodia,2009,311645
Burundi,2009,0
Burkina Faso,2009,0
Bulgaria,2009,8254199
Brunei,2009,3609890
British Virgin Islands,2009,0
Brazil,2009,59019786
Botswana,2009,1063985
Bosnia and Herzegovina,2009,7796595
Bolivia,2009,57751
Bhutan,2009,0
Bermuda,2009,31269
Belize,2009,193511
Belgium,2009,63136632
Barbados,2009,293420
Bangladesh,2009,1483298
Bahrain,2009,151504734
Bahamas,2009,253958
Azerbaijan,2009,8615000
Austria,2009,3762946
Australia,2009,613599980
Aruba,2009,103268
Armenia,2009,5526000
Argentina,2009,17422244
Antigua and Barbuda,2009,1368328
Antarctica,2009,0
Angola,2009,1000
Andorra,2009,6284
Algeria,2009,12430129
Albania,2009,9525800
Afghanistan,2009,51106818
Zambia,2008,1000
Yemen,2008,7883000
Vietnam,2008,96000
Venezuela,2008,1169000
Vanuatu,2008,0
Uzbekistan,2008,361000
Uruguay,2008,1572000
United Kingdom,2008,3400485000
United Arab Emirates,2008,1116679000
Ukraine,2008,6580000
Uganda,2008,3801000
Turks and Caicos,2008,33000
Turkey,2008,780147000
Tunisia,2008,10429000
Trinidad and Tobago,2008,3826000
Tonga,2008,569000
Timor-Leste,2008,254000
The Gambia,2008,23000
Thailand,2008,114028000
Tanzania,2008,86000
Tajikistan,2008,2063000
Taiwan,2008,1065034704
Switzerland,2008,159119000
Sweden,2008,152348000
Swaziland,2008,92000
Suriname,2008,195000
Sudan,2008,31000
St. Vincent and the Grenadines,2008,251000
St. Lucia,2008,392000
St. Kitts and Nevis,2008,1579000
Sri Lanka,2008,11012000
Spain,2008,427191000
South Korea,2008,3478311000
South Africa,2008,34804000
Slovenia,2008,8297000
Slovakia,2008,16423000
Singapore,2008,618911000
Sierra Leone,2008,12000
Seychelles,2008,304000
Serbia,2008,133000
Senegal,2008,2568000
Saudi Arabia,2008,1143225000
Sao Tome and Principe,2008,17000
Samoa,2008,5000
Rwanda,2008,155000
Russia,2008,15371000
Romania,2008,99319000
Republic of the Congo,2008,0
Qatar,2008,877588000
Portugal,2008,72916000
Poland,2008,859702000
Philippines,2008,112899000
Peru,2008,11119000
Paraguay,2008,920000
Papua New Guinea,2008,13000
Panama,2008,3487000
Pakistan,2008,372263000
Oman,2008,73083000
Norway,2008,240300000
Nigeria,2008,2055000
Niger,2008,35000
Nicaragua,2008,1083000
New Zealand,2008,62751000
New Caledonia,2008,772000
Netherlands Antilles,2008,10170000
Netherlands,2008,747345000
Nepal,2008,244000
Namibia,2008,601000
Mozambique,2008,330000
Morocco,2008,32681000
Montenegro,2008,0
Mongolia,2008,2782000
Moldova,2008,805000
Mexico,2008,207089000
Mauritius,2008,1000
Mauritania,2008,34000
Malta,2008,150000
Mali,2008,277000
Maldives,2008,150200
Malaysia,2008,87426000
Malawi,2008,706000
Madagascar,2008,0
Macedonia,2008,11671000
Luxembourg,2008,44616000
Lithuania,2008,10433000
Liechtenstein,2008,0
Libya,2008,842000
Liberia,2008,1292000
Lesotho,2008,0
Lebanon,2008,23931000
Latvia,2008,11617000
Laos,2008,97000
Kyrgyzstan,2008,29792000
Kuwait,2008,1719760000
Kiribati,2008,12000
Kenya,2008,12076000
Kazakhstan,2008,356530000
Jordan,2008,389353000
Japan,2008,7100332000
Jamaica,2008,9279000
Italy,2008,1274453000
Israel,2008,2251289000
Ireland,2008,11926000
Iraq,2008,3515551000
International Organizations,2008,41095000
Indonesia,2008,30883000
India,2008,169621000
Iceland,2008,1820000
Hungary,2008,11838000
Hong Kong,2008,8198000
Honduras,2008,11612000
Haiti,2008,1463000
Guyana,2008,226000
Guinea,2008,13000
Guatemala,2008,4657000
Grenada,2008,37000
Greenland,2008,24526000
Greece,2008,322830000
Global,2008,0
Gibraltar,2008,4000
Ghana,2008,1971000
Germany,2008,2238108000
Georgia,2008,151084000
Gabon,2008,16000
French Polynesia,2008,43000
French Guiana,2008,265806000
France,2008,265780000
Finland,2008,110677000
Fiji,2008,230000
Ethiopia,2008,4035000
Estonia,2008,7274000
Equatorial Guinea,2008,0
El Salvador,2008,12856000
Egypt,2008,1007190000
Ecuador,2008,41020000
Dominican Republic,2008,3503000
Dominica,2008,30000
Djibouti,2008,9468000
Denmark,2008,163777000
Democratic Republic of Congo,2008,188000
Czech Republic,2008,15546000
Cyprus,2008,19088000
Croatia,2008,1937000
Costa Rica,2008,4022000
Comoros,2008,0
Colombia,2008,287542000
Chile,2008,67799000
Chad,2008,447000
Central African Republic,2008,59000
Cayman Islands,2008,71000
Cape Verde,2008,22000
Canada,2008,3000388000
Cameroon,2008,141000
Cambodia,2008,573000
Burundi,2008,29000
Burkina Faso,2008,57000
Bulgaria,2008,40230000
Brunei,2008,8770000
British Virgin Islands,2008,34000
Brazil,2008,98171000
Botswana,2008,9379000
Bosnia and Herzegovina,2008,5494000
Bolivia,2008,13905000
Bhutan,2008,0
Bermuda,2008,114552830
Belize,2008,780000
Belgium,2008,329555000
Barbados,2008,121500
Bangladesh,2008,1730000
Bahrain,2008,660013000
Bahamas,2008,16892000
Azerbaijan,2008,9876624
Austria,2008,17680000
Australia,2008,1512543000
Aruba,2008,64000
Armenia,2008,6812000
Argentina,2008,38359000
Antigua and Barbuda,2008,74000
Antarctica,2008,0
Anguilla,2008,5000
Angola,2008,682000
Andorra,2008,12000
Algeria,2008,112937000
Albania,2008,5585000
Afghanistan,2008,1039747000
Zimbabwe,2007,3000
Zambia,2007,78000
Yemen,2007,7385000
Vietnam,2007,0
Venezuela,2007,1196000
Uzbekistan,2007,8104000
Uruguay,2007,524000
United Kingdom,2007,422988000
United Arab Emirates,2007,62589000
Ukraine,2007,10085000
Uganda,2007,2102000
Turkmenistan,2007,86000
Turkey,2007,182838300
Tunisia,2007,5456000
Trinidad and Tobago,2007,13000
Tonga,2007,728000
Timor-Leste,2007,8000
The Gambia,2007,106000
Thailand,2007,45259000
Tanzania,2007,0
Tajikistan,2007,128000
Taiwan,2007,808435000
Switzerland,2007,72939000
Sweden,2007,6802000
Swaziland,2007,0
Suriname,2007,1000
Sudan,2007,0
St. Vincent and the Grenadines,2007,0
St. Lucia,2007,11000
St. Kitts and Nevis,2007,157000
Sri Lanka,2007,281000
Spain,2007,142500000
South Korea,2007,727680000
South Africa,2007,1216000
Slovenia,2007,3032000
Slovakia,2007,10571000
Singapore,2007,173062000
Sierra Leone,2007,0
Serbia,2007,94000
Senegal,2007,1255000
Saudi Arabia,2007,1045145000
Sao Tome and Principe,2007,150000
Rwanda,2007,0
Russia,2007,0
Romania,2007,16260000
Qatar,2007,792000
Portugal,2007,38901000
Poland,2007,1482960000
Philippines,2007,19037000
Peru,2007,254000
Paraguay,2007,3000
Papua New Guinea,2007,0
Panama,2007,426000
Pakistan,2007,195878000
Oman,2007,104148000
Norway,2007,162964000
Nigeria,2007,3887000
Niger,2007,1000
Nicaragua,2007,891000
New Zealand,2007,13282000
New Caledonia,2007,0
Netherlands Antilles,2007,0
Netherlands,2007,236426000
Nepal,2007,475000
Namibia,2007,0
Mozambique,2007,53000
Morocco,2007,7985000
Mongolia,2007,3562000
Moldova,2007,571000
Mexico,2007,6375000
Mauritius,2007,0
Marshall Islands,2007,0
Malta,2007,0
Mali,2007,7000
Malaysia,2007,19148000
Malawi,2007,76000
Madagascar,2007,1577000
Macedonia,2007,4563000
Luxembourg,2007,801000
Lithuania,2007,23344000
Liechtenstein,2007,0
Libya,2007,0
Liberia,2007,165000
Lebanon,2007,13193000
Latvia,2007,3305000
Kyrgyzstan,2007,5707000
Kuwait,2007,455014000
Kiribati,2007,0
Kenya,2007,2079000
Kazakhstan,2007,5174000
Jordan,2007,203152000
Japan,2007,638448000
Jamaica,2007,721000
Italy,2007,153565000
Israel,2007,1305970000
Ireland,2007,306000
Iraq,2007,172514000
International Organizations,2007,48630000
Indonesia,2007,14288000
India,2007,85008000
Iceland,2007,123000
Hungary,2007,13912000
Hong Kong,2007,0
Honduras,2007,990000
Haiti,2007,54000
Guyana,2007,297000
Guinea,2007,6000
Guatemala,2007,770000
Guam,2007,0
Grenada,2007,126000
Greenland,2007,0
Greece,2007,200578000
Global,2007,0
Ghana,2007,560000
Germany,2007,206329000
Georgia,2007,25084000
Gambia,2007,106000
Gabon,2007,56000
French Polynesia,2007,0
France,2007,45033000
Finland,2007,27623000
Fiji,2007,298000
Ethiopia,2007,4562000
Estonia,2007,4219000
Eritrea,2007,1000
El Salvador,2007,2111000
Egypt,2007,1229241200
Ecuador,2007,7326000
Dominican Republic,2007,1517000
Dominica,2007,184000
Djibouti,2007,3978000
Denmark,2007,61968000
Democratic Republic of Congo,2007,1350000
Czech Republic,2007,16737000
Cyprus,2007,0
Croatia,2007,547000
Costa Rica,2007,0
Colombia,2007,199451000
Chile,2007,24157000
Chad,2007,988000
Central African Republic,2007,2000
Cayman Islands,2007,0
Cape Verde,2007,16000
Canada,2007,239469000
Cameroon,2007,46000
Cambodia,2007,1000
Burundi,2007,0
Burkina Faso,2007,0
Bulgaria,2007,12868000
Brunei,2007,24000
British Virgin Islands,2007,0
Brazil,2007,61385000
Botswana,2007,533000
Bosnia and Herzegovina,2007,6040000
Bolivia,2007,363000
Bermuda,2007,0
Belize,2007,483000
Belgium,2007,48724000
Barbados,2007,0
Bangladesh,2007,8883000
Bahrain,2007,84074000
Bahamas,2007,6000
Azerbaijan,2007,4855000
Austria,2007,2090000
Australia,2007,750817000
Aruba,2007,0
Armenia,2007,3098000
Argentina,2007,8984500
Antigua and Barbuda,2007,156000
Antarctica,2007,0
Angola,2007,1000
Andorra,2007,0
Algeria,2007,0
Albania,2007,4627000
Afghanistan,2007,62100000
Zimbabwe,2006,54000
Zambia,2006,322000
Yemen,2006,8390000
Vietnam,2006,0
Venezuela,2006,7906000
Vanuatu,2006,0
Uzbekistan,2006,283000
Uruguay,2006,135000
United Kingdom,2006,294276000
United Arab Emirates,2006,191727000
Ukraine,2006,5614000
Uganda,2006,3251000
Turkmenistan,2006,815000
Turkey,2006,244226000
Tunisia,2006,15191000
Trinidad and Tobago,2006,131000
Tonga,2006,34000
Togo,2006,0
Timor-Leste,2006,19000
The Gambia,2006,1000
Thailand,2006,82277000
Tanzania,2006,0
Tajikistan,2006,1000
Taiwan,2006,1066452000
Switzerland,2006,31844000
Sweden,2006,5072000
Svalbard and Jan Mayen,2006,0
Suriname,2006,70000
St. Vincent and the Grenadines,2006,0
St. Lucia,2006,80000
St. Kitts and Nevis,2006,52000
Sri Lanka,2006,5000
Spain,2006,104162000
South Korea,2006,597235000
South Africa,2006,2364000
Slovenia,2006,2110000
Slovakia,2006,5881000
Singapore,2006,335168000
Sierra Leone,2006,0
Seychelles,2006,9000
Serbia,2006,0
Senegal,2006,488000
Saudi Arabia,2006,984216000
Sao Tome and Principe,2006,171000
Rwanda,2006,504000
Russia,2006,0
Romania,2006,16631000
Qatar,2006,464000
Portugal,2006,57435000
Poland,2006,393458000
Philippines,2006,25620000
Peru,2006,331000
Paraguay,2006,17000
Papua New Guinea,2006,0
Panama,2006,936000
Pakistan,2006,121013000
Oman,2006,432397000
Norway,2006,91518000
Norfolk Island,2006,0
Nigeria,2006,2924000
Niger,2006,68000
Nicaragua,2006,73000
New Zealand,2006,8797000
New Caledonia,2006,0
Netherlands Antilles,2006,0
Netherlands,2006,230615000
Nepal,2006,3624000
Namibia,2006,197000
Mozambique,2006,51000
Morocco,2006,40677000
Montserrat,2006,0
Mongolia,2006,2133000
Moldova,2006,422000
Mexico,2006,8003000
Mauritius,2006,0
Mauritania,2006,2000
Marshall Islands,2006,0
Malta,2006,0
Mali,2006,37000
Malaysia,2006,21535000
Malawi,2006,21000
Madagascar,2006,0
Macedonia,2006,4284000
Luxembourg,2006,798000
Lithuania,2006,13483000
Liechtenstein,2006,0
Libya,2006,0
Liberia,2006,0
Lebanon,2006,1702000
Latvia,2006,4440000
Kyrgyzstan,2006,1366000
Kuwait,2006,544814000
Kenya,2006,2785000
Kazakhstan,2006,3122000
Jordan,2006,106316000
Japan,2006,765866000
Jamaica,2006,131000
Italy,2006,288243000
Israel,2006,1344986000
Ireland,2006,7789000
Iraq,2006,2196000
International Organizations,2006,42408000
Indonesia,2006,2515000
India,2006,48879684
Iceland,2006,0
Hungary,2006,8653000
Hong Kong,2006,0
Honduras,2006,1489000
Haiti,2006,372000
Guyana,2006,47000
Guinea,2006,28000
Guatemala,2006,739000
Grenada,2006,114000
Greenland,2006,0
Greece,2006,179210054
Global,2006,0
Ghana,2006,422000
Germany,2006,149135000
Georgia,2006,10537000
Gambia,2006,1000
Gabon,2006,0
French Polynesia,2006,0
French Guiana,2006,0
France,2006,42135000
Finland,2006,73921000
Fiji,2006,93000
Ethiopia,2006,1570000
Estonia,2006,4818000
Eritrea,2006,0
El Salvador,2006,3155000
Egypt,2006,1227366000
Ecuador,2006,5658000
Dominican Republic,2006,569000
Dominica,2006,43000
Djibouti,2006,356000
Denmark,2006,49193000
Democratic Republic of Congo,2006,938000
Czech Republic,2006,10074000
Cyprus,2006,0
Croatia,2006,6002000
Costa Rica,2006,0
Colombia,2006,86693000
Chile,2006,223655000
Chad,2006,156000
Central African Republic,2006,243000
Cape Verde,2006,47000
Canada,2006,182700000
Cameroon,2006,9000
Cambodia,2006,0
Burundi,2006,0
Bulgaria,2006,9672000
Brunei,2006,34000
British Virgin Islands,2006,0
Brazil,2006,27907000
Botswana,2006,1656000
Bosnia and Herzegovina,2006,7534000
Bolivia,2006,778000
Bermuda,2006,0
Belize,2006,368000
Belgium,2006,52604000
Barbados,2006,0
Bangladesh,2006,510000
Bahrain,2006,54697000
Bahamas,2006,0
Azerbaijan,2006,628000
Austria,2006,1539000
Australia,2006,350104000
Aruba,2006,0
Armenia,2006,1065000
Argentina,2006,6055000
Antigua and Barbuda,2006,271000
Angola,2006,0
Andorra,2006,0
Algeria,2006,0
Albania,2006,5876000
Afghanistan,2006,337043000
Zambia,2005,0
Yemen,2005,3725000
Venezuela,2005,7981000
Uzbekistan,2005,1751000
Uruguay,2005,797000
United Kingdom,2005,381415000
United Arab Emirates,2005,164875000
Ukraine,2005,1799000
Uganda,2005,972000
Turkmenistan,2005,238000
Turkey,2005,184926000
Tunisia,2005,8454000
Trinidad and Tobago,2005,144000
Tonga,2005,0
Togo,2005,0
Timor-Leste,2005,24001
The Gambia,2005,9000
Thailand,2005,91519000
Tanzania,2005,0
Tajikistan,2005,1761000
Taiwan,2005,1399963000
Switzerland,2005,89244000
Sweden,2005,7448000
Suriname,2005,1000
St. Vincent and the Grenadines,2005,0
St. Lucia,2005,166000
St. Kitts and Nevis,2005,180000
Sri Lanka,2005,260000
Spain,2005,126325000
South Korea,2005,590449000
South Africa,2005,1964000
Solomon Islands,2005,0
Slovenia,2005,11109000
Slovakia,2005,7832000
Singapore,2005,228646000
Sierra Leone,2005,0
Serbia,2005,0
Senegal,2005,97000
Saudi Arabia,2005,1012259000
Sao Tome and Principe,2005,50000
San Marino,2005,0
Rwanda,2005,39000
Russia,2005,0
Romania,2005,25675000
Republic of the Congo,2005,0
Qatar,2005,354000
Portugal,2005,84287000
Poland,2005,84433000
Philippines,2005,33954000
Peru,2005,247000
Paraguay,2005,19000
Papua New Guinea,2005,0
Panama,2005,309000
Pakistan,2005,60739000
Oman,2005,91382000
Norway,2005,105584000
Nigeria,2005,6762000
Niger,2005,167000
Nicaragua,2005,1007000
New Zealand,2005,13146000
New Caledonia,2005,0
Netherlands Antilles,2005,0
Netherlands,2005,177906000
Nepal,2005,2080000
Namibia,2005,0
Mozambique,2005,549000
Morocco,2005,16785000
Montserrat,2005,0
Montenegro,2005,0
Mongolia,2005,878000
Moldova,2005,936000
Mexico,2005,4402000
Mauritius,2005,0
Malta,2005,5030000
Malaysia,2005,49411000
Malawi,2005,71000
Macedonia,2005,10950000
Macau,2005,0
Luxembourg,2005,783000
Lithuania,2005,16450000
Liechtenstein,2005,0
Liberia,2005,0
Lebanon,2005,1252000
Latvia,2005,10290000
Kyrgyzstan,2005,2009000
Kuwait,2005,290923000
Kenya,2005,7497000
Kazakhstan,2005,3345000
Jordan,2005,140323000
Japan,2005,410058000
Jamaica,2005,1250000
Italy,2005,126814000
Israel,2005,1623051000
Ireland,2005,266000
Iraq,2005,0
International Organizations,2005,61565000
Indonesia,2005,0
India,2005,100328000
Iceland,2005,0
Hungary,2005,5872000
Hong Kong,2005,0
Honduras,2005,749000
Haiti,2005,6000
Guyana,2005,22000
Guinea,2005,281000
Guatemala,2005,0
Grenada,2005,82000
Greenland,2005,0
Greece,2005,466415000
Global,2005,0
Gibraltar,2005,0
Ghana,2005,389000
Germany,2005,207301000
Georgia,2005,11582000
Gambia,2005,9000
Gabon,2005,0
French Polynesia,2005,0
French Guiana,2005,0
France,2005,68801000
Finland,2005,37872000
Fiji,2005,72000
Ethiopia,2005,2867000
Estonia,2005,12925000
Eritrea,2005,0
El Salvador,2005,2603000
Egypt,2005,1454232000
Ecuador,2005,4021000
Dominican Republic,2005,1016000
Dominica,2005,125000
Djibouti,2005,5890000
Denmark,2005,41430880
Czech Republic,2005,20283000
Cyprus,2005,0
Croatia,2005,9355000
Costa Rica,2005,0
Colombia,2005,41597000
Chile,2005,189104000
Chad,2005,44000
Cape Verde,2005,49000
Canada,2005,154004201
Cameroon,2005,119000
Cambodia,2005,295000
Bulgaria,2005,16336000
Brunei,2005,12000
British Virgin Islands,2005,0
Brazil,2005,10630000
Botswana,2005,140000
Bosnia and Herzegovina,2005,3652000
Bolivia,2005,4784000
Bermuda,2005,0
Belize,2005,341000
Belgium,2005,49332000
Barbados,2005,16000
Bangladesh,2005,860000
Bahrain,2005,63237000
Bahamas,2005,0
Azerbaijan,2005,1671000
Austria,2005,2036000
Australia,2005,349798960
Aruba,2005,0
Armenia,2005,84000
Argentina,2005,4099000
Antigua and Barbuda,2005,619000
Angola,2005,0
Andorra,2005,0
Algeria,2005,0
Albania,2005,7469000
Afghanistan,2005,339571000
Zimbabwe,2004,1000
Zambia,2004,0
Yemen,2004,416000
Vietnam,2004,0
Venezuela,2004,11851000
Vanuatu,2004,0
Uzbekistan,2004,1717000
Uruguay,2004,37000
United Kingdom,2004,452873000
United Arab Emirates,2004,154525000
Ukraine,2004,3696000
Uganda,2004,859000
Turkmenistan,2004,381000
Turkey,2004,287073349
Tunisia,2004,8249000
Trinidad and Tobago,2004,10000
Timor-Leste,2004,24000
Thailand,2004,179796000
Tanzania,2004,0
Tajikistan,2004,390000
Taiwan,2004,916926000
Switzerland,2004,66671000
Sweden,2004,6328000
Suriname,2004,0
St. Vincent and the Grenadines,2004,175000
St. Lucia,2004,427000
St. Kitts and Nevis,2004,385000
Sri Lanka,2004,393000
Spain,2004,432475000
South Korea,2004,600761000
South Africa,2004,4741000
Slovenia,2004,1541000
Slovakia,2004,5934000
Singapore,2004,204764000
Serbia,2004,0
Senegal,2004,392000
Saudi Arabia,2004,1243168000
Sao Tome and Principe,2004,256000
San Marino,2004,0
Rwanda,2004,8000
Russia,2004,0
Romania,2004,14650000
Qatar,2004,329000
Portugal,2004,29595000
Poland,2004,63938000
Philippines,2004,28239000
Peru,2004,187000
Paraguay,2004,18000
Papua New Guinea,2004,0
Panama,2004,7000
Pakistan,2004,36155000
Oman,2004,27136000
Norway,2004,79749000
Nigeria,2004,3374000
Niger,2004,117000
Nicaragua,2004,280000
New Zealand,2004,8461000
New Caledonia,2004,0
Netherlands Antilles,2004,0
Netherlands,2004,277438000
Nepal,2004,8080000
Namibia,2004,17000
Mozambique,2004,24000
Morocco,2004,9252000
Mongolia,2004,3437000
Moldova,2004,1468000
Micronesia,2004,0
Mexico,2004,5538000
Mauritius,2004,0
Marshall Islands,2004,0
Malta,2004,0
Mali,2004,15000
Malaysia,2004,11380000
Malawi,2004,160000
Madagascar,2004,9000
Macedonia,2004,5378000
Luxembourg,2004,3705000
Lithuania,2004,14121000
Lebanon,2004,1942000
Latvia,2004,9354000
Kyrgyzstan,2004,4722000
Kuwait,2004,209226000
Kenya,2004,4314000
Kazakhstan,2004,2395000
Jordan,2004,104263000
Japan,2004,392205000
Jamaica,2004,274000
Italy,2004,280076000
Israel,2004,1261688000
Ireland,2004,3555000
Iraq,2004,0
International Organizations,2004,37545000
Indonesia,2004,0
India,2004,6567000
Iceland,2004,0
Hungary,2004,6762000
Hong Kong,2004,0
Honduras,2004,756000
Haiti,2004,2000
Guyana,2004,104000
Guinea,2004,317000
Guatemala,2004,0
Grenada,2004,392000
Greenland,2004,0
Greece,2004,1224314000
Global,2004,0
Ghana,2004,83000
Germany,2004,265546000
Georgia,2004,7339000
Gabon,2004,0
French Polynesia,2004,0
France,2004,98674000
Finland,2004,45677000
Fiji,2004,0
Ethiopia,2004,4333000
Estonia,2004,11380000
Eritrea,2004,20000
El Salvador,2004,2903000
Egypt,2004,1582354000
Ecuador,2004,17176000
Dominican Republic,2004,9379000
Dominica,2004,392000
Djibouti,2004,919000
Denmark,2004,22406000
Czech Republic,2004,8866000
Cyprus,2004,0
Croatia,2004,1730000
Costa Rica,2004,48000
Colombia,2004,54547000
China,2004,0
Chile,2004,9623000
Chad,2004,616000
Cayman Islands,2004,0
Cape Verde,2004,1000
Canada,2004,144447000
Cameroon,2004,3000
Cambodia,2004,116000
Bulgaria,2004,14361000
Brunei,2004,36000
Brazil,2004,13617000
Botswana,2004,347000
Bosnia and Herzegovina,2004,1782000
Bolivia,2004,1432000
Bhutan,2004,0
Bermuda,2004,0
Benin,2004,2360000
Belize,2004,76000
Belgium,2004,42147000
Barbados,2004,468000
Bangladesh,2004,6366000
Bahrain,2004,87964000
Bahamas,2004,51000
Azerbaijan,2004,2027000
Austria,2004,7442000
Australia,2004,193149400
Aruba,2004,0
Armenia,2004,8857000
Argentina,2004,3900000
Antigua and Barbuda,2004,1475000
Angola,2004,0
Andorra,2004,0
Algeria,2004,0
Albania,2004,7890000
Afghanistan,2004,222935000
Zimbabwe,2003,2000
Zambia,2003,0
Yemen,2003,271000
Vietnam,2003,0
Venezuela,2003,11829000
Uzbekistan,2003,33971000
Uruguay,2003,547000
United Kingdom,2003,352308500
United Arab Emirates,2003,87419000
Ukraine,2003,1205000
Uganda,2003,35000
Turks and Caicos,2003,0
Turkmenistan,2003,1823000
Turkey,2003,276627000
Tunisia,2003,4337000
Trinidad and Tobago,2003,1000
Tonga,2003,18000
Togo,2003,136000
Timor-Leste,2003,958000
Thailand,2003,152457000
Tanzania,2003,0
Tajikistan,2003,1159000
Taiwan,2003,709457579
Switzerland,2003,36393000
Sweden,2003,57388000
Suriname,2003,18000
St. Vincent and the Grenadines,2003,1000
St. Lucia,2003,13000
St. Kitts and Nevis,2003,92000
Sri Lanka,2003,123000
Spain,2003,159483000
South Korea,2003,560079000
South Africa,2003,848000
Slovenia,2003,1556000
Slovakia,2003,4129000
Singapore,2003,168386000
Seychelles,2003,0
Serbia and Montenegro,2003,0
Serbia,2003,0
Senegal,2003,320000
Saudi Arabia,2003,1064278000
San Marino,2003,0
Rwanda,2003,24000
Russia,2003,0
Romania,2003,8375000
Qatar,2003,1024000
Portugal,2003,116359000
Poland,2003,16644000
Philippines,2003,25317000
Peru,2003,189000
Paraguay,2003,4000
Papua New Guinea,2003,0
Panama,2003,72000
Pakistan,2003,4659000
Oman,2003,16512000
Norway,2003,123038000
Nigeria,2003,3233000
Niger,2003,278000
Nicaragua,2003,0
New Zealand,2003,11674000
New Caledonia,2003,0
Netherlands Antilles,2003,0
Netherlands,2003,223590000
Nepal,2003,6691000
Namibia,2003,70000
Mozambique,2003,39000
Morocco,2003,8569000
Montserrat,2003,0
Mongolia,2003,273000
Monaco,2003,0
Moldova,2003,1856000
Mexico,2003,12158256
Mauritania,2003,0
Malta,2003,5125000
Mali,2003,95000
Malaysia,2003,9086000
Malawi,2003,95000
Madagascar,2003,5000
Macedonia,2003,12248000
Luxembourg,2003,972000
Lithuania,2003,1725000
Liechtenstein,2003,0
Lebanon,2003,3086000
Latvia,2003,3652000
Laos,2003,199000
Kyrgyzstan,2003,2746000
Kuwait,2003,143414000
Kenya,2003,2607000
Kazakhstan,2003,2371000
Jordan,2003,69434000
Japan,2003,430191000
Jamaica,2003,579000
Italy,2003,185224000
Israel,2003,990737000
Ireland,2003,4000
Iraq,2003,0
International Organizations,2003,87599000
Indonesia,2003,0
India,2003,20507000
Iceland,2003,0
Hungary,2003,4401000
Hong Kong,2003,0
Honduras,2003,887000
Haiti,2003,6000
Guyana,2003,253000
Guinea,2003,909000
Guatemala,2003,0
Grenada,2003,65000
Greenland,2003,0
Greece,2003,1324146000
Global,2003,0
Gibraltar,2003,0
Ghana,2003,430000
Germany,2003,241407000
Georgia,2003,9822000
Gabon,2003,0
French Polynesia,2003,0
French Guiana,2003,0
France,2003,275727000
Finland,2003,39869000
Fiji,2003,0
Ethiopia,2003,33000
Estonia,2003,4471000
El Salvador,2003,1774000
Egypt,2003,1173838000
Ecuador,2003,5201000
Dominican Republic,2003,11036000
Dominica,2003,66000
Djibouti,2003,30000
Denmark,2003,13964000
Czech Republic,2003,10347000
Cyprus,2003,0
Croatia,2003,185000
Cote d'Ivoire,2003,0
Costa Rica,2003,76000
Colombia,2003,13523000
China,2003,0
Chile,2003,5928000
Chad,2003,377000
Central African Republic,2003,4000
Cayman Islands,2003,0
Cape Verde,2003,36000
Canada,2003,154798000
Cameroon,2003,7000
Cambodia,2003,424000
Bulgaria,2003,2878000
Brunei,2003,53000
British Virgin Islands,2003,0
Brazil,2003,13371000
Botswana,2003,1122000
Bosnia and Herzegovina,2003,1868000
Bolivia,2003,1474000
Bhutan,2003,0
Bermuda,2003,0
Benin,2003,16000
Belize,2003,99000
Belgium,2003,70643000
Barbados,2003,1000
Bangladesh,2003,2478000
Bahrain,2003,90051000
Bahamas,2003,0
Azerbaijan,2003,53000
Austria,2003,8096000
Australia,2003,208102942
Aruba,2003,0
Armenia,2003,0
Argentina,2003,4620000
Antigua and Barbuda,2003,491000
Angola,2003,0
Andorra,2003,0
Algeria,2003,3000
Albania,2003,3535000
Afghanistan,2003,37109000
Zimbabwe,2002,28000
Zambia,2002,0
Yemen,2002,307000
Venezuela,2002,17613000
Uzbekistan,2002,3126000
Uruguay,2002,2823000
United Kingdom,2002,385297000
United Arab Emirates,2002,92535000
Ukraine,2002,7597000
Uganda,2002,0
Turks and Caicos,2002,0
Turkmenistan,2002,0
Turkey,2002,288119700
Tunisia,2002,6129000
Trinidad and Tobago,2002,111000
Tonga,2002,40000
Togo,2002,0
Thailand,2002,170598000
Tanzania,2002,0
Taiwan,2002,1367080000
Switzerland,2002,35688000
Sweden,2002,57175000
Suriname,2002,22000
St. Vincent and the Grenadines,2002,42000
St. Lucia,2002,0
St. Kitts and Nevis,2002,7000
Sri Lanka,2002,0
Spain,2002,316849000
South Korea,2002,537260700
South Africa,2002,308000
Slovenia,2002,553000
Slovakia,2002,4218000
Singapore,2002,406620000
Seychelles,2002,320000
Serbia and Montenegro,2002,0
Senegal,2002,232000
Saudi Arabia,2002,1356298000
Rwanda,2002,574000
Russia,2002,0
Romania,2002,7289000
Qatar,2002,827000
Portugal,2002,27892000
Poland,2002,31595000
Philippines,2002,22116000
Peru,2002,303000
Paraguay,2002,32000
Papua New Guinea,2002,0
Panama,2002,176000
Pakistan,2002,6456000
Oman,2002,1587000
Norway,2002,87496000
Nigeria,2002,3761000
Niger,2002,342000
Nicaragua,2002,0
New Zealand,2002,31984000
New Caledonia,2002,0
Netherlands Antilles,2002,0
Netherlands,2002,405469000
Nepal,2002,61000
Namibia,2002,39000
Mozambique,2002,113000
Morocco,2002,7516000
Mongolia,2002,107000
Monaco,2002,0
Moldova,2002,1404000
Micronesia,2002,0
Mexico,2002,4552000
Mauritius,2002,0
Malta,2002,795000
Mali,2002,6000
Malaysia,2002,11418000
Malawi,2002,207000
Madagascar,2002,0
Macedonia,2002,8545000
Luxembourg,2002,1736000
Lithuania,2002,7459000
Liechtenstein,2002,0
Lesotho,2002,19000
Lebanon,2002,3148000
Latvia,2002,1700000
Laos,2002,96000
Kyrgyzstan,2002,2250000
Kuwait,2002,130746000
Kenya,2002,798000
Kazakhstan,2002,3086000
Jordan,2002,67016000
Japan,2002,465177000
Jamaica,2002,469000
Italy,2002,102731000
Israel,2002,705931668
Ireland,2002,8000
International Organizations,2002,38440000
Indonesia,2002,180000
India,2002,38000
Iceland,2002,0
Hungary,2002,8674000
Hong Kong,2002,0
Honduras,2002,1959000
Haiti,2002,85000
Guyana,2002,397000
Guinea,2002,553000
Guatemala,2002,0
Grenada,2002,119000
Greece,2002,467129000
Global,2002,0
Ghana,2002,451000
Germany,2002,221923000
Georgia,2002,3647000
Gabon,2002,0
French Polynesia,2002,0
French Guiana,2002,0
France,2002,206085000
Finland,2002,68054000
Faroe Islands,2002,0
Ethiopia,2002,0
Estonia,2002,2693000
Eritrea,2002,0
El Salvador,2002,1605000
Egypt,2002,1743370000
Ecuador,2002,1781000
Dominican Republic,2002,838000
Dominica,2002,6000
Djibouti,2002,111000
Diego Garcia,2002,0
Denmark,2002,23122000
Czech Republic,2002,4445000
Cyprus,2002,0
Croatia,2002,95000
Cote d'Ivoire,2002,0
Costa Rica,2002,158000
Colombia,2002,31481000
China,2002,0
Chile,2002,1710000
Chad,2002,595000
Central African Republic,2002,2000
Cayman Islands,2002,0
Cape Verde,2002,367000
Canada,2002,85187000
Cameroon,2002,81000
Cambodia,2002,149000
Bulgaria,2002,1569000
Brunei,2002,20000
British Virgin Islands,2002,0
Brazil,2002,39700000
Botswana,2002,280000
Bosnia and Herzegovina,2002,4609000
Bolivia,2002,1023000
Bhutan,2002,0
Bermuda,2002,0
Benin,2002,338000
Belize,2002,133000
Belgium,2002,68324000
Barbados,2002,18000
Bangladesh,2002,8937000
Bahrain,2002,83665000
Bahamas,2002,13000
Austria,2002,6992000
Australia,2002,215849000
Aruba,2002,0
Argentina,2002,8243000
Antigua and Barbuda,2002,2000
Angola,2002,0
Andorra,2002,0
Algeria,2002,5000
Albania,2002,5502000
Afghanistan,2002,1451000
Zimbabwe,2001,453000
Zambia,2001,11000
Yemen,2001,54000
Venezuela,2001,22247000
Uzbekistan,2001,348000
Uruguay,2001,1576000
United Nations,2001,0
United Kingdom,2001,525286000
United Arab Emirates,2001,24437000
Ukraine,2001,5555000
Uganda,2001,168000
Turks and Caicos,2001,0
Turkey,2001,465603744
Tunisia,2001,8096000
Trinidad and Tobago,2001,178000
Thailand,2001,118543000
Tanzania,2001,0
Taiwan,2001,1154615000
Switzerland,2001,336891000
Sweden,2001,2760000
Suriname,2001,2000
St. Vincent and the Grenadines,2001,144000
St. Lucia,2001,323000
St. Kitts and Nevis,2001,312000
Sri Lanka,2001,26000
Spain,2001,467068818
South Korea,2001,754300079
South Africa,2001,206000
Slovenia,2001,1488000
Slovakia,2001,4151000
Singapore,2001,243744000
Senegal,2001,205000
Saudi Arabia,2001,1990567000
Sao Tome and Principe,2001,64000
Rwanda,2001,31000
Russia,2001,0
Romania,2001,21286000
Qatar,2001,788000
Portugal,2001,41198000
Poland,2001,9296000
Philippines,2001,18789000
Peru,2001,801000
Paraguay,2001,19000
Papua New Guinea,2001,0
Panama,2001,135000
Oman,2001,3744000
Norway,2001,191834000
Nigeria,2001,3132000
Niger,2001,305000
Nicaragua,2001,0
New Zealand,2001,19601000
Netherlands Antilles,2001,0
Netherlands,2001,568878000
Nepal,2001,107000
Namibia,2001,735000
Mozambique,2001,2000
Morocco,2001,14372000
Montserrat,2001,0
Mongolia,2001,0
Moldova,2001,2650000
Mexico,2001,4304000
Mauritius,2001,0
Mauritania,2001,0
Malta,2001,0
Mali,2001,834000
Maldives,2001,0
Malaysia,2001,77083000
Malawi,2001,8000
Macedonia,2001,9653000
Luxembourg,2001,859000
Lithuania,2001,1510000
Lesotho,2001,7000
Lebanon,2001,7027781
Latvia,2001,3221000
Laos,2001,53000
Kyrgyzstan,2001,690000
Kuwait,2001,501943000
Kenya,2001,2246000
Kazakhstan,2001,0
Jordan,2001,80428000
Japan,2001,491247000
Jamaica,2001,1078000
Italy,2001,187701000
Israel,2001,787926335
Ireland,2001,45000
International Organizations,2001,51926000
Indonesia,2001,0
Iceland,2001,0
Hungary,2001,7085000
Hong Kong,2001,0
Honduras,2001,3393000
Haiti,2001,693000
Guyana,2001,0
Guinea,2001,132000
Guatemala,2001,0
Grenada,2001,271000
Greenland,2001,0
Greece,2001,437480840
Global,2001,0
Ghana,2001,397000
Germany,2001,389742000
Georgia,2001,5171000
Gabon,2001,0
French Guiana,2001,0
France,2001,141935122
Finland,2001,146432000
Ethiopia,2001,0
Estonia,2001,2510000
El Salvador,2001,4730000
Egypt,2001,924129000
Ecuador,2001,1442000
Dominican Republic,2001,890500
Dominica,2001,300000
Djibouti,2001,60000
Denmark,2001,109066000
Czech Republic,2001,5478000
Cyprus,2001,0
Croatia,2001,247000
Costa Rica,2001,36000
Colombia,2001,223986000
Chile,2001,3216000
Chad,2001,426000
Central African Republic,2001,31000
Cayman Islands,2001,0
Cape Verde,2001,57000
Canada,2001,113276000
Cameroon,2001,84000
Cambodia,2001,152000
Bulgaria,2001,4558000
Brunei,2001,107000
British Virgin Islands,2001,0
Brazil,2001,50673000
Botswana,2001,750000
Bosnia and Herzegovina,2001,8030000
Bolivia,2001,4299000
Bermuda,2001,0
Benin,2001,3000
Belize,2001,20000
Belgium,2001,168946000
Barbados,2001,181000
Bangladesh,2001,6834000
Bahrain,2001,338370561
Bahamas,2001,21000
Austria,2001,4513000
Australia,2001,312905180
Aruba,2001,0
Argentina,2001,26601000
Antigua and Barbuda,2001,525000
Angola,2001,0
Andorra,2001,0
Algeria,2001,0
Albania,2001,3602000
Zimbabwe,2000,0
Zambia,2000,0
Yemen,2000,0
Venezuela,2000,0
Uzbekistan,2000,0
Uruguay,2000,0
United Kingdom,2000,0
United Arab Emirates,2000,3317400
Ukraine,2000,0
Turks and Caicos,2000,0
Turkmenistan,2000,0
Turkey,2000,123000
Tunisia,2000,0
Trinidad and Tobago,2000,0
Tonga,2000,0
Thailand,2000,0
Tanzania,2000,0
Taiwan,2000,1704000
Switzerland,2000,0
Sweden,2000,0
Suriname,2000,0
St. Vincent and the Grenadines,2000,0
St. Lucia,2000,0
St. Kitts and Nevis,2000,0
Sri Lanka,2000,0
Spain,2000,30657300
South Korea,2000,658928
South Africa,2000,0
Slovenia,2000,0
Slovakia,2000,0
Singapore,2000,674564
Serbia and Montenegro,2000,0
Senegal,2000,0
Saudi Arabia,2000,0
San Marino,2000,0
Russia,2000,0
Romania,2000,0
Qatar,2000,0
Portugal,2000,0
Poland,2000,0
Philippines,2000,0
Peru,2000,0
Paraguay,2000,0
Panama,2000,0
Oman,2000,0
Norway,2000,0
Nigeria,2000,0
Niger,2000,0
Nicaragua,2000,0
New Zealand,2000,0
New Caledonia,2000,0
Netherlands Antilles,2000,0
Netherlands,2000,0
Nepal,2000,0
Nauru,2000,0
Namibia,2000,0
Mozambique,2000,0
Morocco,2000,0
Monaco,2000,0
Mexico,2000,3050869
Mauritius,2000,0
Mauritania,2000,0
Marshall Islands,2000,0
Malta,2000,0
Malaysia,2000,0
Malawi,2000,0
Madagascar,2000,0
Macedonia,2000,0
Macau,2000,0
Luxembourg,2000,0
Lithuania,2000,0
Liechtenstein,2000,0
Lebanon,2000,1582849
Latvia,2000,0
Kuwait,2000,0
Kenya,2000,0
Kazakhstan,2000,0
Jordan,2000,0
Japan,2000,231338
Jamaica,2000,0
Italy,2000,0
Israel,2000,234312
Ireland,2000,0
Indonesia,2000,0
Iceland,2000,0
Hungary,2000,0
Hong Kong,2000,0
Honduras,2000,0
Haiti,2000,0
Guyana,2000,0
Guinea,2000,0
Guatemala,2000,0
Grenada,2000,0
Greenland,2000,0
Greece,2000,1293045
Global,2000,0
Ghana,2000,0
Germany,2000,0
Georgia,2000,0
Gabon,2000,0
French Guiana,2000,0
France,2000,0
Finland,2000,0
Ethiopia,2000,0
Estonia,2000,0
El Salvador,2000,0
Egypt,2000,0
Ecuador,2000,0
Dominican Republic,2000,0
Dominica,2000,0
Denmark,2000,0
Czech Republic,2000,0
Cyprus,2000,0
Croatia,2000,0
Costa Rica,2000,0
Colombia,2000,0
China,2000,0
Chile,2000,0
Chad,2000,0
Cayman Islands,2000,0
Canada,2000,1260000
Cameroon,2000,0
Bulgaria,2000,0
Brunei,2000,0
British Virgin Islands,2000,0
Brazil,2000,146717
Botswana,2000,0
Bosnia and Herzegovina,2000,0
Bolivia,2000,0
Bermuda,2000,0
Belize,2000,0
Belgium,2000,0
Barbados,2000,0
Bangladesh,2000,0
Bahrain,2000,0
Bahamas,2000,0
Austria,2000,0
Australia,2000,921500
Aruba,2000,0
Argentina,2000,0
Antigua and Barbuda,2000,0
Angola,2000,0
Andorra,2000,0
Algeria,2000,0
Venezuela,1999,0
Uruguay,1999,0
Turks and Caicos,1999,0
Trinidad and Tobago,1999,0
Suriname,1999,0
St. Vincent and the Grenadines,1999,0
St. Lucia,1999,0
St. Kitts and Nevis,1999,0
Peru,1999,0
Paraguay,1999,0
Panama,1999,0
Nicaragua,1999,0
Netherlands Antilles,1999,0
Montserrat,1999,0
Mexico,1999,0
Jamaica,1999,0
Honduras,1999,0
Haiti,1999,0
Guyana,1999,0
Guatemala,1999,0
Grenada,1999,0
French Guiana,1999,0
El Salvador,1999,0
Ecuador,1999,0
Dominican Republic,1999,0
Dominica,1999,0
Costa Rica,1999,0
Colombia,1999,0
Chile,1999,3067100
Cayman Islands,1999,0
Brazil,1999,1045158
Bolivia,1999,0
Bermuda,1999,0
Belize,1999,0
Barbados,1999,0
Bahamas,1999,0
Aruba,1999,0
Argentina,1999,0
Antigua and Barbuda,1999,0
Venezuela,1998,0
Uruguay,1998,0
Turks and Caicos,1998,0
Trinidad and Tobago,1998,0
Suriname,1998,0
St. Vincent and the Grenadines,1998,0
St. Lucia,1998,0
St. Kitts and Nevis,1998,0
Peru,1998,0
Paraguay,1998,0
Panama,1998,0
Nicaragua,1998,0
Netherlands Antilles,1998,0
Mexico,1998,0
Jamaica,1998,30650
Honduras,1998,0
Haiti,1998,0
Guyana,1998,0
Guatemala,1998,0
Grenada,1998,0
French Guiana,1998,0
El Salvador,1998,0
Ecuador,1998,0
Dominican Republic,1998,0
Costa Rica,1998,0
Colombia,1998,0
Chile,1998,0
Cayman Islands,1998,0
Brazil,1998,0
Bolivia,1998,0
Bermuda,1998,0
Belize,1998,0
Bahamas,1998,0
Aruba,1998,0
Argentina,1998,0
Antigua and Barbuda,1998,0
Venezuela,1997,0
Uruguay,1997,0
Turks and Caicos,1997,0
Trinidad and Tobago,1997,0
Suriname,1997,0
St. Vincent and the Grenadines,1997,0
St. Lucia,1997,0
St. Kitts and Nevis,1997,0
Peru,1997,0
Paraguay,1997,0
Panama,1997,0
Nicaragua,1997,0
Netherlands Antilles,1997,0
Montserrat,1997,0
Mexico,1997,7003100
Jamaica,1997,0
Honduras,1997,0
Haiti,1997,0
Guyana,1997,0
Guatemala,1997,0
Grenada,1997,0
French Guiana,1997,0
El Salvador,1997,0
Ecuador,1997,0
Dominican Republic,1997,0
Dominica,1997,0
Costa Rica,1997,0
Colombia,1997,0
Chile,1997,47070
Cayman Islands,1997,0
British Virgin Islands,1997,0
Brazil,1997,0
Bolivia,1997,0
Bermuda,1997,0
Belize,1997,0
Barbados,1997,0
Bahamas,1997,0
Aruba,1997,0
Argentina,1997,0
Antigua and Barbuda,1997,0
Venezuela,1996,0
Uruguay,1996,0
Trinidad and Tobago,1996,0
Suriname,1996,0
St. Vincent and the Grenadines,1996,0
St. Lucia,1996,0
St. Kitts and Nevis,1996,0
Peru,1996,0
Paraguay,1996,0
Panama,1996,0
Nicaragua,1996,0
Netherlands Antilles,1996,0
Montserrat,1996,0
Mexico,1996,709520
Jamaica,1996,0
Honduras,1996,0
Haiti,1996,0
Guyana,1996,3487
Guatemala,1996,0
French Guiana,1996,0
El Salvador,1996,0
Ecuador,1996,0
Dominican Republic,1996,0
Dominica,1996,0
Costa Rica,1996,26002
Colombia,1996,0
Chile,1996,17610
British Virgin Islands,1996,0
Brazil,1996,2676802
Bolivia,1996,0
Bermuda,1996,0
Belize,1996,45428
Barbados,1996,0
Bahamas,1996,0
Aruba,1996,0
Argentina,1996,14099630
Antigua and Barbuda,1996,0